spotify_genre,occurrences
21st century classical,6
5th wave emo,6
a cappella,13
aarhus indie,5
aberdeen indie,1
abstract,4
abstract beats,8
abstract hip hop,43
abstract idm,1
abstractro,5
accordeon,2
accordion,7
acid house,19
acid idm,5
acid jazz,3
acid rock,4
acid techno,11
acid trance,3
acousmatic,3
acoustic blues,5
acoustic cover,3
acoustic pop,37
acoustic punk,12
acoustic rock,13
action rock,19
adoracao,1
adult standards,48
aesthetic rap,4
afghan rap,1
african electronic,6
african experimental,3
african metal,1
african percussion,3
african reggae,5
african rock,6
african-american classical,2
afrikaans,1
afro dancehall,11
afro house,14
afro psych,1
afro r&b,1
afro soul,4
afro-cuban percussion,3
afro-funk,5
afrobeat,32
afrobeat brasileiro,1
afrobeat fusion,4
afrofuturism,25
afrofuturismo brasileiro,5
afropop,89
afroswing,4
aggrotech,36
ai,2
alabama indie,3
alabama metal,5
alabama rap,2
alaska indie,4
albanian folk,1
albanian hip hop,9
albanian pop,7
albany ny indie,2
alberta country,3
alberta hip hop,3
album rock,159
albuquerque indie,3
algerian folk,1
alphorn,1
alpine yodeling,1
alt z,37
alternative americana,17
alternative country,80
alternative dance,166
alternative emo,61
alternative hardcore,1
alternative hip hop,124
alternative metal,210
alternative metalcore,2
alternative pop,25
alternative pop rock,4
alternative r&b,61
alternative rock,213
alternative roots rock,19
ambeat,3
ambient,34
ambient black metal,3
ambient folk,14
ambient house,4
ambient idm,7
ambient industrial,5
ambient pop,7
ambient post-rock,3
ambient psychill,4
ambient techno,11
ambient trance,2
american 21st century classical,4
american classical piano,6
american contemporary classical,3
american folk revival,1
american grindcore,8
american melodeath,7
american metalcore,8
american oi,6
american orchestra,1
american post-rock,19
american primitive,9
american shoegaze,10
amharic pop,1
anarcho-punk,5
anime,1
anime latino,3
anime lo-fi,1
anime rap,1
anime rock,1
ann arbor indie,2
anthem emo,39
anthem worship,4
anti-folk,54
antideutsche,45
appenzeller folk,2
arab alternative,17
arab electronic,9
arab experimental,3
arab folk,13
arab groove,7
arab metal,1
arab pop,4
arabesk,3
arabic hip hop,4
arabic jazz,18
argentine ambient,2
argentine hardcore,1
argentine indie,5
argentine jazz,3
argentine metal,4
argentine punk,6
argentine reggae,1
argentine rock,11
argentine telepop,1
arizona punk,3
arkansas country,4
arkansas indie,3
arkansas metal,1
art pop,187
art punk,15
art rock,144
art song,4
asbury park indie,3
asheville indie,4
asian american hip hop,4
athens indie,7
atl hip hop,21
atl trap,2
atlanta indie,7
atlanta metal,10
atlanta punk,3
atmosphere,2
atmospheric black metal,39
atmospheric dnb,4
atmospheric doom,8
atmospheric post-metal,12
atmospheric post-rock,6
atmospheric sludge,15
auckland indie,7
audiophile vocal,4
aussie drill,3
aussie emo,4
aussietronica,9
austin americana,3
austin rock,4
austin singer-songwriter,2
austindie,15
australian alternative pop,3
australian alternative rock,20
australian ambient,4
australian americana,5
australian black metal,5
australian blues,5
australian classical piano,1
australian country,1
australian dance,17
australian death metal,6
australian electropop,6
australian experimental,6
australian garage punk,20
australian hardcore,3
australian hip hop,5
australian house,3
australian indie,29
australian indie folk,8
australian indie rock,9
australian indigenous,2
australian jazz,4
australian metal,21
australian metalcore,10
australian pop,36
australian post-hardcore,9
australian post-punk,3
australian post-rock,2
australian psych,13
australian r&b,3
australian reggae fusion,11
australian rock,17
australian shoegaze,2
australian singer-songwriter,13
australian ska,4
australian talent show,2
australian techno,1
australian thrash metal,5
australian trap,3
australian underground hip hop,3
austrian black metal,6
austrian classical piano,2
austrian contemporary classical,1
austrian dnb,3
austrian hip hop,6
austrian indie,10
austrian jazz,11
austrian metal,21
austrian orchestra,4
austrian pop,25
austrian punk,10
austrian stoner rock,6
austrian techno,3
austropop,22
auteur-compositeur-interprete quebecois,16
autoharp,2
autonomous black metal,12
avant-garde,10
avant-garde black metal,8
avant-garde jazz,47
avant-garde metal,31
avant-rock,7
axe,11
azeri pop,1
azeri rap,1
azeri traditional,2
azonto,5
azontobeats,13
bachata,8
bachata dominicana,5
background jazz,6
background music,4
background piano,2
backing track,1
bagpipe,2
baiao,1
bakersfield sound,1
bal-musette,1
balafon,7
balearic,13
balfolk,3
balkan beats,21
balkan brass,42
balkan classical piano,1
balkan folk metal,5
balkan hip hop,3
balkan trap,2
ballroom,3
baltic black metal,3
baltic classical piano,2
baltic folk,2
baltic post-punk,2
baltimore indie,13
banda caliente,1
bandolim,1
bandoneon,8
bangalore indie,2
bangladeshi rock,1
banjo,9
barbadian pop,1
barbershop,2
bard,2
bardcore,1
barnmusik,2
barockinterpreten,5
baroque,2
baroque brass,1
baroque cello,1
baroque ensemble,7
baroque pop,29
baroque singing,8
baroque violin,4
baroque woodwind,2
basel indie,42
bass house,29
bass music,62
bass trap,15
bass trip,3
basshall,4
bassline,6
bath indie,3
batida,3
baton rouge rap,2
battle rap,3
bay area hip hop,1
bay area indie,27
bayerischer rap,10
bboy,19
bc underground hip hop,5
beat italiano,2
beatboxing,13
beatdown,17
beatlesque,6
bebop,11
bedroom pop,11
bedroom soul,2
belarusian indie,2
belarusian metal,3
belfast indie,8
belfast metal,1
belgian black metal,7
belgian blues,6
belgian dance,4
belgian death metal,2
belgian edm,15
belgian electronic,3
belgian experimental,3
belgian hardcore,4
belgian hip hop,20
belgian indie,51
belgian indie rock,18
belgian jazz,7
belgian metal,18
belgian modern jazz,5
belgian new wave,6
belgian pop,22
belgian post-rock,7
belgian rock,35
belgian singer-songwriter,7
belgian stoner rock,7
belgian techno,5
belly dance,3
belo horizonte indie,1
bemani,2
benga,2
beninese pop,2
bergamo indie,2
bergen indie,14
berlin minimal techno,1
berlin school,3
bern indie,57
bhangra,2
big band,10
big beat,58
big room,20
binaural,1
birdsong,2
birmingham grime,2
birmingham hip hop,3
birmingham indie,5
birmingham metal,8
bitpop,8
black 'n' roll,7
black death,24
black metal,69
black metal argentino,1
black punk,5
black sludge,15
black speed metal,3
black thrash,19
blackened crust,7
blackened deathcore,9
blackened hardcore,17
blackgaze,20
blaskapelle,5
blasmusik,8
bleep techno,1
bluegrass,7
bluegrass gospel,3
blues,49
blues band,3
blues rock,122
blues-rock guitar,7
bmore,8
bolero,1
bolero cubano,1
boogaloo,1
boogie,1
boogie-woogie,11
boom bap,28
boom bap brasileiro,1
boom bap espanol,1
bosnian indie,3
bossa nova,24
bossa nova jazz,2
boston electronic,3
boston folk,2
boston hardcore,9
boston hip hop,13
boston indie,3
boston metal,9
boston punk,5
boston rock,18
bouncy house,1
bow pop,31
boy band,20
braindance,7
brass band,19
brass band brasileiro,1
brass ensemble,14
brass quintet,2
brazilian bass,1
brazilian black metal,2
brazilian boogie,1
brazilian death metal,9
brazilian dnb,4
brazilian edm,6
brazilian gospel,3
brazilian groove metal,1
brazilian hardcore,4
brazilian hip hop,6
brazilian house,2
brazilian indie,6
brazilian indie rock,1
brazilian jazz,5
brazilian metal,7
brazilian modern jazz,3
brazilian percussion,2
brazilian post-hardcore,1
brazilian power metal,1
brazilian progressive metal,1
brazilian punk,4
brazilian punk rock,1
brazilian reggae,7
brazilian rock,13
brazilian rockabilly,1
brazilian soul,2
brazilian stoner rock,2
brazilian surf rock,1
brazilian techno,4
brazilian thrash metal,3
breakbeat,18
breakcore,12
breaks,1
brega romantico,1
breton folk,7
brighton indie,30
brill building pop,16
brisbane indie,3
bristol electronic,14
bristol indie,17
brit funk,5
british alternative rock,32
british black metal,9
british blues,33
british brass band,8
british choir,3
british classical piano,3
british contemporary classical,4
british country,1
british death metal,15
british experimental,23
british folk,16
british grindcore,7
british indie rock,27
british industrial,20
british invasion,16
british jazz,30
british math rock,5
british orchestra,8
british post-rock,11
british power metal,6
british singer-songwriter,24
british soul,34
british soundtrack,8
britpop,58
broken beat,15
bronx hip hop,12
brooklyn drill,1
brooklyn indie,49
brostep,33
brutal death metal,105
brutal deathcore,7
bubble trance,20
bubblegrunge,42
bubblegum dance,22
bubblegum pop,13
buffalo ny indie,2
buffalo ny metal,3
bulgarian electronic,2
bulgarian experimental,1
bulgarian folk,3
bulgarian indie,1
bulgarian metal,1
bulgarian pop,3
bulgarian rock,1
burkinabe pop,1
burkinabe traditional,2
burundian pop,2
bury st edmunds indie,1
c-pop,1
c86,14
cabaret,1
calgary indie,3
cali rap,1
california hardcore,9
calming instrumental,1
cambodian rock,1
cambridge choir,2
cambridgeshire indie,7
cameroonian pop,1
canadian americana,12
canadian black metal,4
canadian blues,10
canadian ccm,4
canadian celtic,5
canadian classical piano,3
canadian contemporary country,6
canadian contemporary r&b,11
canadian country,9
canadian death metal,3
canadian drill,1
canadian electronic,17
canadian electropop,15
canadian experimental,13
canadian folk,27
canadian garage rock,5
canadian hardcore,9
canadian hip hop,15
canadian house,5
canadian indie,71
canadian indie folk,14
canadian indigenous,2
canadian latin,2
canadian metal,44
canadian metalcore,7
canadian modern jazz,2
canadian old school hip hop,5
canadian pop,27
canadian pop punk,6
canadian post-hardcore,5
canadian post-punk,10
canadian post-rock,7
canadian psychedelic,1
canadian psychedelic rock,11
canadian punk,25
canadian rock,21
canadian rockabilly,5
canadian shoegaze,2
canadian singer-songwriter,31
canadian stoner rock,2
canadian trap,4
canadian underground hip hop,1
cancion infantil latinoamericana,1
cancion melodica,1
candomble,2
candy pop,12
cantautor,12
cantautora argentina,1
cante flamenco,4
canterbury scene,3
canzone d'autore,12
canzone genovese,1
canzone napoletana,5
cape breton folk,1
cape breton indie,1
cape town indie,4
cape verdean folk,1
caracas indie,1
cardiff indie,2
carnatic,2
carnatic instrumental,1
cascadian black metal,4
caucasian classical piano,5
cavernous death metal,7
ccm,12
cedm,1
cello,17
celtic,26
celtic metal,11
celtic punk,20
celtic rock,36
chalga,2
chamber choir,1
chamber ensemble,2
chamber folk,10
chamber orchestra,11
chamber pop,51
chamber psych,90
champeta,1
channel islands indie,2
channel pop,4
chanson,144
chanson paillarde,2
chanson quebecois,5
chanson virale,2
chaotic black metal,14
chaotic hardcore,29
chapman stick,3
charanga,1
charango,1
charlotte nc indie,2
charlottesville indie,4
charred death,2
chicago blues,8
chicago bop,2
chicago drill,2
chicago hardcore,3
chicago house,3
chicago indie,24
chicago pop punk,2
chicago punk,11
chicago rap,12
chicano punk,5
chicano rap,8
chicha,6
chihuahua indie,2
children's choir,1
children's music,4
chilean black metal,1
chilean indie,2
chilean metal,3
chilean rock,4
chill lounge,4
chill out,1
chill pop,2
chill r&b,12
chill-out trance,1
chillhop,23
chillstep,8
chillsynth,4
chillwave,102
chinderlieder,28
chinese classical performance,3
chinese classical piano,4
chinese electronic,2
chinese electropop,1
chinese experimental,1
chinese indie,2
chinese indie pop,2
chinese indie rock,3
chinese jazz,1
chinese metal,1
chinese post-punk,2
chinese post-rock,1
chinese traditional,2
chinese worship,1
chip hop,9
chiptune,5
chopped and screwed,2
choral,17
choro,2
choro contemporaneo,1
christchurch indie,4
christelijk,3
christian a cappella,2
christian alternative rock,19
christian deathcore,2
christian hardcore,16
christian indie,1
christian metal,25
christian metalcore,9
christian music,14
christian pop,2
christian power metal,9
christian punk,9
christian relaxative,1
christian rock,31
christian uplift,1
christlicher rap,3
christmas product,1
cimbalom,1
cinematic post-rock,5
circuit,6
city pop,1
classic afrobeat,1
classic arab pop,3
classic azeri pop,1
classic bangla pop,1
classic belgian pop,2
classic bhangra,1
classic canadian rock,9
classic city pop,2
classic colombian pop,1
classic country pop,4
classic czech pop,1
classic danish pop,3
classic danish rock,1
classic dubstep,29
classic eurovision,1
classic finnish rock,3
classic french pop,18
classic garage rock,8
classic girl group,1
classic greek pop,2
classic greek rock,1
classic hardstyle,40
classic house,7
classic icelandic pop,4
classic indo pop,1
classic indonesian rock,1
classic israeli pop,3
classic italian folk pop,1
classic italian pop,53
classic j-pop,1
classic k-pop,1
classic norwegian pop,6
classic opm,1
classic pakistani pop,1
classic persian pop,4
classic polish pop,1
classic praise,1
classic progressive house,4
classic rock,158
classic romanian pop,1
classic russian pop,3
classic russian rock,3
classic schlager,52
classic sinhala pop,1
classic soul,8
classic soundtrack,3
classic swedish pop,11
classic uk pop,9
classical,23
classical accordion,3
classical baritone,5
classical bass,3
classical cello,16
classical clarinet,17
classical contralto,1
classical countertenor,4
classical flute,2
classical guitar,3
classical harp,5
classical horn,1
classical jazz fusion,1
classical mandolin,2
classical mezzo-soprano,7
classical oboe,2
classical organ,3
classical percussion,4
classical performance,113
classical piano,45
classical piano trio,1
classical saxophone,1
classical saxophone quartet,2
classical soprano,26
classical tenor,10
classical trombone,1
classical trumpet,9
classify,3
cleveland indie,1
cleveland metal,4
coldwave,1
collage pop,4
cologne electronic,15
cologne hip hop,5
cologne indie,21
colombian black metal,2
colombian hip hop,1
colombian indie,2
colombian pop,5
colombian rock,5
columbus ohio indie,2
combos nacionales,1
comedy,3
comedy rap,1
comedy rock,1
comic,21
comic metal,22
commons,5
complextro,26
compositional ambient,58
comptine africaine,1
concertina,2
connecticut hardcore,3
conscious hip hop,50
contemporary classical,7
contemporary classical piano,1
contemporary country,23
contemporary jazz,138
contemporary post-bop,30
contemporary vocal jazz,51
cook islands pop,1
cool jazz,33
cork indie,2
cornish folk,1
cornwall indie,3
corrido,1
corrosion,13
corsican folk,2
cosmic american,1
cosmic black metal,7
cosmic death metal,8
cosmic post-rock,5
country,31
country blues,10
country dawn,8
country pop,18
country quebecois,6
country rap,3
country road,20
country rock,87
coupe-decale,1
coverchill,2
covertrance,2
cowboy western,2
cowpunk,9
crack rock steady,1
croatian electronic,2
croatian hip hop,1
croatian indie,8
croatian metal,2
croatian pop,6
croatian rock,3
crossover prog,2
crossover thrash,26
crunk,3
crust punk,19
cryptic black metal,1
cuarteto,2
cuatro venezolano,1
cuban alternative,6
cuban rumba,2
cubaton,3
cumbia,2
cumbia chilena,2
cumbia colombiana regia,1
cumbia peruana,1
cumbia pop,4
cumbia ranchera,1
cumbia sonorense,1
cumbia villera,5
cyber metal,12
cybergrind,3
cyberpunk,15
czech classical piano,1
czech electronic,2
czech folk,1
czech hip hop,1
czech indie,3
czech metal,5
czech pop,4
czech pop rock,2
czech punk,3
czech rock,4
czech singer-songwriter,1
czsk black metal,2
czsk hip hop,5
czsk reggae,1
d-beat,6
dabke,2
dainuojamoji poezija,1
dalarna indie,1
dance pop,247
dance rock,33
dance-punk,46
dancefloor dnb,20
dancehall,58
danish alternative rock,27
danish black metal,5
danish death metal,8
danish electro,2
danish electronic,10
danish electropop,14
danish experimental,3
danish folk,2
danish hardcore,2
danish hip hop,6
danish indie,7
danish indie pop,11
danish jazz,5
danish metal,24
danish modern jazz,4
danish pop,17
danish pop rock,4
danish post-punk,4
danish punk,2
danish rock,15
danish singer-songwriter,2
danish techno,6
dansband,3
danseband,1
dansktop,1
danspunk,2
darbuka,2
dark ambient,6
dark black metal,38
dark cabaret,19
dark clubbing,18
dark disco,11
dark electro,33
dark folk,2
dark hardcore,8
dark jazz,29
dark minimal techno,4
dark post-punk,39
dark psytrance,3
dark rock,23
dark techno,31
dark trap,17
dark wave,59
darkstep,23
darksynth,6
dayton indie,3
dc hardcore,4
dc indie,1
death 'n' roll,5
death doom,7
death industrial,5
death metal,127
deathcore,86
deathgrass,11
deathgrind,30
deathrash,17
deathrock,12
deathstep,8
deconstructed club,35
deep acoustic pop,5
deep big room,2
deep breakcore,2
deep ccm,1
deep chill-out,1
deep christian rock,2
deep classic garage rock,1
deep comedy,2
deep dance pop,5
deep darkpsy,1
deep deep house,3
deep disco house,39
deep discofox,1
deep dnb,10
deep dubstep,16
deep east coast hip hop,2
deep euro house,50
deep flow,1
deep folk metal,16
deep funk,4
deep german hip hop,49
deep german indie,6
deep german punk,17
deep gothic post-punk,15
deep groove house,25
deep hardcore,2
deep house,67
deep idm,16
deep indie pop,3
deep indie rock,1
deep indie singer-songwriter,4
deep italo disco,1
deep jazz fusion,1
deep latin alternative,2
deep latin christian,1
deep latin jazz,1
deep liquid,2
deep liquid bass,7
deep melodic death metal,10
deep melodic hard rock,6
deep melodic metalcore,7
deep metalcore,1
deep minimal techno,29
deep motown,1
deep new americana,54
deep pop edm,2
deep pop emo,1
deep power-pop punk,3
deep progressive rock,4
deep psychobilly,5
deep rai,1
deep regional mexican,1
deep soft rock,1
deep soul house,12
deep southern trap,1
deep space rock,3
deep surf music,2
deep swedish rock,2
deep talent show,1
deep tech house,11
deep techno,12
deep tropical house,23
deep turkish pop,2
deep underground hip hop,6
deep uplifting trance,3
delaware indie,1
dembow,2
demoscene,1
denton tx indie,10
denver indie,2
denver metal,6
depressive black metal,6
derby indie,4
derry indie,3
desert blues,16
desi hip hop,2
desi pop,3
destroy techno,22
detroit hip hop,11
detroit house,12
detroit indie,4
detroit rock,11
detroit techno,19
deutschrock,46
devon indie,7
dfw rap,1
didgeridoo,4
digital hardcore,10
dinner jazz,1
dirty south rap,10
dirty texas rap,4
disco,24
disco house,58
disco polo,4
discofox,26
disney,2
disney espanol,1
dissonant death metal,12
diva house,6
dixieland,2
diy emo,8
diy pop punk,8
djent,59
dmv rap,5
dominican indie,1
dominican pop,7
doom metal,72
doomcore,1
doomgaze,10
dortmund indie,6
double drumming,21
doujin,1
downtempo,49
downtempo bass,2
downtempo deathcore,2
dream pop,94
dream smp,5
dream trance,6
dreamgaze,6
dreamo,56
dresden indie,11
drift,7
drill,5
drill and bass,34
drill francais,5
drone,58
drone ambient,2
drone folk,14
drone metal,54
drone rock,4
dronescape,2
drum and bass,77
drumfunk,16
dub,36
dub metal,17
dub punk,4
dub reggae,6
dub techno,31
dublin indie,2
dubstep,30
duduk,1
duluth indie,2
dundee indie,1
dunedin indie,6
dungeon synth,3
dusseldorf electronic,10
dusseldorf indie,7
dutch americana,4
dutch black metal,4
dutch blues,8
dutch cabaret,1
dutch classical piano,1
dutch death metal,12
dutch dnb,11
dutch edm,20
dutch experimental,1
dutch experimental electronic,6
dutch hip hop,5
dutch house,15
dutch idol pop,1
dutch indie,38
dutch indie rock,18
dutch jazz,3
dutch metal,21
dutch pop,26
dutch prog,2
dutch punk,8
dutch punk rock,3
dutch r&b,4
dutch rap pop,3
dutch rock,39
dutch singer-songwriter,4
dutch stoner rock,3
dutch tech house,2
dutch trance,5
dutch underground hip hop,1
early french punk,2
early music,7
early music choir,2
early music ensemble,7
early reggae,2
early romantic era,1
early synthpop,1
early us punk,5
east anglia indie,5
east coast hip hop,72
east coast reggae,7
easy listening,10
easycore,11
eau claire indie,4
ebm,70
ecm-style jazz,62
ectofolk,13
ecuadorian indie,1
ecuadorian pop,1
edinburgh indie,2
edinburgh metal,1
edm,175
edmonton indie,8
egyptian alternative,4
egyptian hip hop,1
egyptian pop,2
el paso indie,4
electra,59
electric bass,15
electric blues,97
electro,26
electro dub,10
electro house,187
electro jazz,8
electro latino,1
electro swing,30
electro trash,20
electro-industrial,64
electro-pop francais,18
electroacoustic composition,2
electroacoustic improvisation,9
electroclash,40
electrofox,31
electronic djent,2
electronic rock,19
electronic trap,41
electronica,222
electronica argentina,2
electronica chilena,6
electronica peruana,2
electronica venezuela,3
electronicore,2
electropop,155
electropowerpop,12
elektropunk,21
elephant 6,2
emo,77
emo mexicano,1
emo punk,12
emo rap,10
emocore,2
emoviolence,1
english indie rock,37
entehno,9
environmental,1
epic black metal,2
epic doom,6
epicore,3
eritrean pop,1
escape room,73
essex indie,4
estonian electronic,2
estonian folk,2
estonian indie,5
estonian jazz,2
estonian metal,5
estonian pop,4
estonian rock,2
ethereal wave,18
etherpop,26
ethio-jazz,6
ethiopian pop,2
ethiopian traditional,1
ethnotronica,29
eugene indie,2
euphoric hardstyle,28
euro hi-nrg,1
eurodance,32
europop,82
euroska,26
eurovision,27
euskal indie,1
euskal metal,1
euskal rock,3
experimental,71
experimental ambient,15
experimental big band,3
experimental black metal,3
experimental classical,3
experimental club,2
experimental dub,5
experimental dubstep,2
experimental electronic,8
experimental folk,7
experimental guitar,15
experimental hip hop,16
experimental house,1
experimental indie,4
experimental indie rock,12
experimental jazz,10
experimental percussion,4
experimental pop,66
experimental psych,17
experimental r&b,6
experimental rock,37
experimental synth,7
experimental techno,11
experimental vocal,9
fado,13
fake,5
fallen angel,9
faroese indie,1
faroese pop,2
faroese rock,3
fast melodic punk,15
fidget house,23
field recording,2
fijian pop,1
filmi,2
filter house,67
filthstep,26
final fantasy,2
fingerstyle,10
finlandssvenska musik,1
finnish alternative rock,5
finnish black metal,3
finnish blues,2
finnish contemporary classical,2
finnish dance pop,4
finnish death metal,21
finnish doom metal,7
finnish edm,2
finnish electro,3
finnish electronic,2
finnish experimental,5
finnish folk,6
finnish hard rock,13
finnish hardcore,3
finnish heavy metal,10
finnish hip hop,2
finnish idol pop,1
finnish indie,9
finnish jazz,6
finnish melodeath,18
finnish metal,37
finnish modern jazz,4
finnish new wave,1
finnish pop,6
finnish post-punk,1
finnish power metal,12
finnish progressive metal,3
finnish progressive rock,1
finnish psychedelic rock,7
finnish punk,2
finnish reggae,1
finnish rockabilly,1
finnish soul,2
finnish techno,2
firenze indie,2
flamenco,18
flamenco fusion,1
flamenco guitar,10
flamenco urbano,1
flemish folk,2
flick hop,2
float house,50
florida death metal,11
florida hardcore,2
florida rap,2
flute rock,7
fluxwork,22
focus,4
focus beats,2
focus trance,1
folclor afrocolombiano,2
folclore portugues,1
folclore salteno,1
folclore tucumano,1
folk,83
folk black metal,16
folk brasileiro,2
folk metal,58
folk punk,29
folk rock,84
folk rock italiano,9
folk siciliana,2
folk-pop,36
folklore argentino,2
folklore boliviano,3
folklore cuyano,1
folklore peruano,1
folklore quebecois,1
folklore veracruzano,1
folkmusik,3
folktronica,23
footwork,10
forest psy,6
forro,6
forro tradicional,1
fort wayne indie,2
fort worth indie,2
fotbollslatar,1
fourth world,32
francoton,72
frankfurt electronic,27
frankfurt indie,8
frauenrap,9
freak folk,192
freakbeat,7
free folk,6
free improvisation,33
free jazz,44
freestyle,2
french black metal,20
french classical piano,12
french contemporary classical,1
french death metal,15
french dnb,6
french dub,10
french experimental rock,21
french folk,1
french folk pop,39
french garage rock,15
french hardcore,14
french hip hop,138
french indie folk,19
french indie pop,163
french indietronica,107
french jazz,33
french metal,32
french movie tunes,3
french oi,4
french orchestra,2
french pop,147
french post-punk,14
french post-rock,6
french psychedelic,25
french punk,25
french reggae,71
french rock,135
french romanticism,1
french shoegaze,13
french soundtrack,2
french stoner rock,7
french synthpop,19
french tech house,8
french techno,20
frenchcore,13
full on,11
funana,1
funeral doom,19
funk,93
funk carioca,12
funk das antigas,1
funk evangelico,1
funk metal,43
funk mexicano,1
funk ostentacao,4
funk pop,3
funk rock,25
funky breaks,8
funky house,14
funky tech house,16
future ambient,1
future bass,25
future funk,2
future garage,41
future house,11
future rock,8
futurepop,37
g funk,3
g-house,2
gabba,30
gaian doom,38
gainesville indie,4
galego,2
galician folk,3
galway indie,1
gambian pop,2
gaming dubstep,22
gaming edm,15
gangster rap,63
garage house,4
garage pop,38
garage psych,86
garage punk,14
garage punk blues,18
garage rock,60
garage rock mexicano,2
garage rock revival,26
gauze pop,13
gbvfi,26
geek folk,1
geek rock,2
georgian alternative,2
georgian electronic,1
georgian pop,1
german alternative rap,55
german alternative rock,22
german black metal,34
german blues,18
german boom bap,16
german ccm,7
german choir,1
german classical piano,12
german cloud rap,19
german contemporary classical,2
german country,8
german dance,15
german dark minimal techno,5
german death metal,16
german dnb,5
german drill,9
german electronica,14
german grindcore,8
german hard rock,26
german hardcore,15
german heavy metal,8
german hip hop,118
german house,32
german indie,140
german indie folk,20
german indie pop,13
german indie rock,24
german jazz,27
german jazz rap,22
german melodeath,8
german metal,75
german metalcore,28
german oi,25
german orchestra,3
german pagan metal,10
german pop,179
german pop rock,16
german post-hardcore,16
german post-punk,17
german post-rock,9
german power metal,29
german prog,8
german punk,63
german punk rock,41
german r&b,1
german reggae,41
german rock,198
german rockabilly,3
german shoegaze,7
german show tunes,1
german singer-songwriter,28
german ska,20
german soundtrack,3
german stoner rock,16
german street punk,2
german tech house,23
german techno,94
german thrash metal,21
german trance,20
german trap,26
german underground rap,31
german viral rap,1
german worship,8
ghanaian alternative,3
ghanaian hip hop,4
ghanaian pop,1
ghent indie,10
ghettotech,2
girl group,6
glam metal,73
glam punk,13
glam rock,30
glasgow indie,4
glitch,34
glitch beats,3
glitch hop,8
glitch pop,12
glitchcore,1
gnawa,4
golden age hip hop,12
goregrind,22
gospel,2
gospel rap,1
gospel reggae,1
gospel singers,4
gothabilly,6
gothenburg indie,11
gothenburg metal,23
gothic alternative,3
gothic americana,20
gothic black metal,5
gothic doom,1
gothic metal,64
gothic post-punk,5
gothic rock,28
gothic symphonic metal,47
gqom,3
granada indie,1
grand rapids indie,2
grave wave,45
graz indie,2
grebo,5
greek black metal,3
greek downtempo,2
greek guitar,1
greek hip hop,1
greek house,3
greek indie,7
greek indie rock,3
greek jazz,1
greek metal,16
greek pop,5
greek psychedelic rock,5
greek rock,5
greek swing,1
greek techno,3
greek trap,3
greenlandic pop,2
grim death metal,3
grime,18
grimewave,4
grindcore,40
griot,9
grisly death metal,6
groove metal,39
groove room,2
grunge,28
grunge pop,1
grunge revival,1
grungegaze,8
guadalajara indie,2
guatemalan pop,2
guinean pop,4
guitarra argentina,1
guitarra clasica,1
gulf hip hop,1
guqin,1
guyanese pop,1
gymcore,13
gypsy,2
gypsy fusion,11
gypsy jazz,11
gypsy punk,18
h8000,2
haitian dance,1
halftime dnb,8
halifax indie,7
hamburg electronic,32
hamburg hip hop,24
hamburg indie,22
hamburger schule,17
hamilton on indie,8
hammond organ,8
hands up,11
hangpan,3
happy hardcore,23
hard alternative,1
hard bass,1
hard bop,25
hard glam,11
hard house,1
hard minimal techno,2
hard rock,191
hard rock brasileiro,1
hard stoner rock,8
hard techno,3
hard trance,11
hardcore,39
hardcore hip hop,99
hardcore punk,43
hardcore techno,39
hardingfele,1
hardstyle,25
hardvapour,1
harlem hip hop,3
harmonica blues,16
harmonica jazz,1
harp,2
harpsichord,3
hauntology,13
hawaiian hip hop,1
hawaiian indie,1
hawaiian punk,1
healing,3
heartland rock,31
heavy gothic rock,2
heavy psych,10
hi-nrg,3
hi-tech,1
high-tech minimal,7
highlife,5
hindustani classical,3
hindustani instrumental,1
hinos ccb,1
hip hop,168
hip hop cubano,1
hip hop galsen,1
hip hop quebecois,7
hip hop tuga,2
hip house,31
hip pop,30
hip-hop experimental,15
hiplife,3
histoire pour enfants,2
historical keyboard,3
historically informed performance,12
hoerspiel,8
hollywood,4
hong kong indie,1
hopebeat,3
horror punk,17
horrorcore,2
house,106
house argentino,5
houston indie,1
houston rap,5
humppa,1
hungarian classical performance,3
hungarian classical piano,1
hungarian edm,4
hungarian indie,1
hungarian metal,6
hungarian punk,3
hungarian rock,6
hungarian techno,4
hurdy-gurdy,9
huzunlu sarkilar,3
hyperpop,8
hyphy,1
icelandic black metal,5
icelandic classical,4
icelandic electronic,16
icelandic experimental,4
icelandic folk,15
icelandic hip hop,1
icelandic indie,26
icelandic jazz,2
icelandic metal,6
icelandic pop,28
icelandic post-punk,5
icelandic punk,5
icelandic rock,16
icelandic singer-songwriter,10
idaho indie,3
idol,2
idol kayo,1
idol rock,3
illbient,4
impressionism,1
indian ambient,1
indian classical,4
indian edm,1
indian folk,1
indian fusion,4
indian instrumental rock,1
indian jazz,5
indian lo-fi,1
indian metal,2
indian percussion,1
indian rock,1
indian techno,1
indian violin,1
indiana hip hop,1
indiana indie,1
indie anthem-folk,65
indie boliviano,1
indie catala,3
indie curitibano,1
indie dream pop,14
indie electronica,16
indie electropop,16
indie emo,1
indie emo rock,1
indie folk,234
indie folk argentino,1
indie folk italiano,4
indie fuzzpop,5
indie game soundtrack,3
indie garage rock,71
indie hip hop,1
indie jazz,81
indie liguria,1
indie pop,182
indie pop rap,15
indie pop rock,2
indie poptimism,52
indie psych-pop,3
indie psychedelic rock,5
indie punk,75
indie quebecois,57
indie queretano,1
indie r&b,29
indie rock,261
indie rock italiano,8
indie rock mexicano,2
indie rockism,1
indie salvadoreno,2
indie shoegaze,6
indie siciliano,3
indie singer-songwriter,4
indie soul,123
indie surf,35
indie tico,2
indie triste,1
indie veneto,8
indiecoustica,29
indietronica,80
indonesian death metal,2
indonesian deathcore,1
indonesian emo,1
indonesian hardcore,1
indonesian hip hop,1
indonesian indie,6
indonesian indie pop,1
indonesian indie rock,1
indonesian jazz,1
indonesian metal,1
indonesian pop,3
indonesian pop punk,1
indonesian post-hardcore,1
indonesian psychedelia,1
indonesian punk,1
indonesian reggae,1
indonesian rock,2
indorock,1
industrial,49
industrial black metal,3
industrial hardcore,5
industrial hip hop,9
industrial metal,82
industrial noise,1
industrial rock,51
industrial techno,4
indy indie,1
instrumental acoustic guitar,1
instrumental black metal,2
instrumental bluegrass,4
instrumental death metal,1
instrumental djent,8
instrumental funk,14
instrumental grime,5
instrumental math rock,12
instrumental post-rock,33
instrumental progressive metal,5
instrumental rock,45
instrumental soul,2
instrumental stoner rock,25
instrumental surf,9
intelligent dance music,49
inuit pop,1
iowa indie,1
iranian experimental,1
irish accordion,1
irish banjo,2
irish black metal,2
irish country,1
irish dance,2
irish death metal,2
irish electronic,5
irish experimental,2
irish experimental electronic,2
irish folk,15
irish hip hop,2
irish indie,6
irish indie rock,10
irish metal,3
irish modern jazz,1
irish neo-traditional,17
irish pop,13
irish rock,24
irish singer-songwriter,26
irish techno,4
isle of wight indie,3
israeli classical piano,3
israeli hip hop,1
israeli indie,17
israeli jazz,20
israeli mediterranean,2
israeli metal,9
israeli pop,7
israeli punk,5
israeli rock,3
israeli singer-songwriter,7
israeli techno,8
italian adult pop,85
italian alternative,24
italian baroque,2
italian baroque ensemble,2
italian black metal,10
italian blues,6
italian classical piano,4
italian contemporary jazz,13
italian death metal,8
italian disco,6
italian doom metal,5
italian electronica,10
italian emo,2
italian experimental,5
italian folk,5
italian folk metal,10
italian gothic,6
italian gothic metal,5
italian hardcore,7
italian heavy metal,1
italian hip hop,32
italian indie pop,28
italian industrial,1
italian jazz,21
italian lounge,4
italian metal,26
italian metalcore,8
italian mezzo-soprano,1
italian modern prog,1
italian new wave,3
italian occult psychedelia,6
italian opera,1
italian orchestra,3
italian pop,29
italian pop punk,4
italian pop rock,7
italian post punk,10
italian post-hardcore,4
italian post-rock,4
italian power metal,10
italian progressive metal,3
italian progressive rock,8
italian punk,4
italian reggae,9
italian rockabilly,2
italian ska,12
italian soundtrack,2
italian stoner rock,14
italian tech house,5
italian techno,18
italian tenor,2
italian trance,7
italian underground hip hop,12
italo dance,5
italo house,1
italogaze,8
j-ambient,2
j-core,1
j-indie,1
j-metal,13
j-pixie,2
j-pop,3
j-poprock,3
j-punk,6
j-rap,1
j-reggae,1
j-rock,8
jacksonville indie,1
jam band,19
jamgrass,1
jamtronica,2
jangle pop,5
japanese alternative pop,1
japanese alternative rock,4
japanese bedroom pop,1
japanese chillhop,2
japanese classical performance,1
japanese dance pop,1
japanese death metal,1
japanese electronic,1
japanese emo,1
japanese experimental,7
japanese garage rock,4
japanese girl punk,4
japanese idm,1
japanese indie pop,2
japanese indie rock,1
japanese jazz,7
japanese jazz fusion,1
japanese jazztronica,1
japanese math rock,3
japanese melodic punk,2
japanese metalcore,2
japanese new wave,1
japanese old school hip hop,1
japanese pop punk,2
japanese post-punk,1
japanese post-rock,4
japanese power metal,3
japanese prog,1
japanese psychedelic,3
japanese psychedelic rock,4
japanese punk rock,4
japanese r&b,2
japanese rockabilly,1
japanese shoegaze,3
japanese ska,2
japanese soul,1
japanese techno,3
japanese vgm,3
japanoise,6
jaw harp,1
jawaiian,7
jazz,73
jazz accordion,3
jazz blues,7
jazz boom bap,28
jazz brass,11
jazz caraibes,4
jazz catala,4
jazz chileno,2
jazz clarinet,4
jazz colombiano,1
jazz composition,2
jazz cover,1
jazz cubano,11
jazz dominicano,1
jazz double bass,18
jazz drums,26
jazz funk,53
jazz fusion,110
jazz guitar,35
jazz harp,2
jazz house,5
jazz metal,24
jazz orchestra,4
jazz organ,10
jazz piano,34
jazz pop,17
jazz puertorriqueno,3
jazz quartet,16
jazz rap,30
jazz rock,7
jazz saxophone,49
jazz trio,25
jazz trombone,10
jazz trumpet,33
jazz venezolano,1
jazz vibraphone,8
jazz violin,12
jazzcore,5
jazztronica,19
jazzy dnb,6
jewish hip hop,3
jig and reel,2
jordanian pop,1
jovem guarda,2
jugendchor,1
jump blues,1
jump up,35
jumpstyle,1
jungle,22
k-indie,2
k-pop,7
k-pop boy group,3
k-pop girl group,1
k-rap,4
kabarett,29
kabyle,2
kansai indie,2
kansas city hip hop,2
kansas indie,2
karadeniz pop,2
karadeniz turkuleri,1
karneval,1
kashmiri pop,1
kavkaz,1
kawaii metal,3
kayokyoku,1
kc indie,5
kelowna bc indie,3
kent indie,7
kentucky hip hop,1
kentucky metal,1
kentucky punk,2
kentucky roots,1
kenyan alternative,1
kenyan hip hop,1
kenyan pop,3
keroncong,1
kindermusik,2
kingston on indie,2
kirtan,11
kiwi rock,11
kizomba,6
kizomba antigas,3
kleine hoerspiel,2
kleinkunst,1
klezmer,8
knoxville indie,1
kolsche karneval,6
kompa,2
kora,12
korean city pop,1
korean classical performance,1
korean classical piano,1
korean dream pop,2
korean experimental,1
korean hardcore,1
korean indie rock,3
korean jazz,1
korean metal,2
korean old school hip hop,1
korean pop,3
korean r&b,5
korean superband,1
kosovan pop,7
krautrock,14
kritika,1
kuduro,2
kuduro antigo,1
kundalini,1
kurdish folk,1
kurdish hip hop,2
kurdish pop,2
kwaito,2
la indie,30
la pop,15
laboratorio,26
lafayette indie,3
lagu iban,1
laiko,5
lancashire indie,2
lancaster pa indie,1
landler,2
latin,57
latin afrobeat,10
latin alternative,31
latin american classical piano,3
latin american heavy psych,1
latin arena pop,6
latin christian,4
latin classical,1
latin hip hop,17
latin house,4
latin jazz,21
latin metal,9
latin pop,26
latin rock,25
latin shoegaze,1
latin ska,3
latin tech house,3
latin viral pop,4
latin worship,4
latincore,2
latintronica,12
latinx alternative,1
latvian electronic,1
latvian folk,2
latvian indie,6
latvian metal,2
latvian pop,6
latvian rock,1
lawrence ks indie,4
lebanese indie,7
lebanese pop,1
leeds indie,11
leicester indie,4
leipzig electronic,9
leipzig indie,14
lesen,2
lexington ky indie,2
lgbtq+ hip hop,12
library music,3
liechtenstein,5
liedermacher,47
lilith,61
limerick indie,1
lincoln ne indie,1
liquid funk,36
lithuanian edm,2
lithuanian electronic,1
lithuanian hip hop,1
lithuanian indie,3
lithuanian metal,2
lithuanian pop,1
little rock indie,1
liverpool indie,11
livetronica,6
lo star,3
lo-fi,25
lo-fi beats,5
lo-fi chill,2
lo-fi emo,3
lo-fi house,7
lo-fi indie,9
lo-fi jazzhop,9
lo-fi product,1
london indie,9
london rap,6
long island punk,6
louisiana blues,6
louisiana metal,5
louisville indie,2
louisville underground,4
lounge,15
lounge house,1
louvor,1
lovecraftian metal,4
lovers rock,46
lowercase,9
lowlands hardcore,4
lund indie,3
lute,2
luxembourgian electronic,1
luxembourgian indie,8
luxembourgian metal,2
macedonian folk,2
macedonian indie,2
madchester,15
madrigal,2
magyar alternative,7
maine hip hop,2
maine indie,2
makossa,5
malagasy folk,3
malawian folk,1
malaysian indie,1
malaysian pop,4
maldivian pop,1
malian blues,22
mallet,3
malmo indie,6
maloya,2
maltese metal,2
maltese pop,1
manchester hip hop,1
manchester indie,7
mande pop,25
mandible,17
mandolin,3
mandopop,1
manele,1
manguebeat,4
manitoba indie,12
marching band,1
mariachi,3
martial industrial,8
mashup,4
math pop,22
math rock,14
mathcore,15
mathgrind,1
mbalax,2
mbira,2
medieval ensemble,1
medieval folk,24
medieval rock,31
meditation,6
medway sound,2
melancholia,84
melanesian pop,1
melbourne bounce,5
melbourne bounce international,7
melbourne indie,11
mellow gold,120
melodic black metal,16
melodic death metal,83
melodic deathcore,14
melodic doom,4
melodic dubstep,3
melodic groove metal,6
melodic hard rock,29
melodic hardcore,118
melodic metal,101
melodic metalcore,177
melodic power metal,5
melodic progressive metal,8
melodic rap,12
melodic techno,20
melodic thrash,13
melodipop,1
meme rap,8
memphis americana,5
memphis blues,1
memphis hip hop,3
memphis indie,3
memphis soul,3
merengue tipico,1
merseybeat,9
messianic praise,1
mestissatge,1
metal,228
metal baiano,2
metal catala,7
metal colombiano,2
metal cristao,1
metal gaucho,1
metal gotico,1
metal guitar,4
metal mineiro,2
metal noir quebecois,1
metalcore,169
metalcore espanol,1
metallic hardcore,25
metropopolis,81
mexican classic rock,1
mexican death metal,2
mexican edm,1
mexican electronic,1
mexican experimental,1
mexican hardcore,2
mexican hip hop,2
mexican indie,4
mexican metal,8
mexican pop,9
mexican pop punk,4
mexican rock,7
mexican rock-and-roll,1
mexican son,1
mexican techno,2
mgp,3
mgpjr,3
miami bass,3
miami hip hop,9
miami indie,1
miami metal,4
michigan folk,1
michigan indie,3
microhouse,128
microtonal,3
middle earth,1
middle east hip hop,1
midwest americana,4
midwest emo,22
milan indie,7
military band,1
milwaukee hip hop,1
milwaukee indie,1
min'yo,1
minimal dnb,4
minimal dub,45
minimal dubstep,1
minimal melodic techno,4
minimal synth,3
minimal tech house,109
minimal techno,179
minimal wave,15
minimalism,8
minneapolis indie,1
minneapolis metal,3
minneapolis punk,3
minneapolis sound,3
minnesota hip hop,11
mississippi hip hop,1
mississippi indie,3
missouri indie,1
mod revival,6
modern alternative pop,2
modern alternative rock,166
modern big band,7
modern blues,118
modern blues rock,133
modern bollywood,2
modern cello,9
modern chamber music,2
modern country rock,10
modern dream pop,16
modern electroacoustic,7
modern folk rock,38
modern free jazz,9
modern funk,23
modern hard rock,84
modern indie pop,1
modern jangle pop,2
modern jazz piano,37
modern jazz trio,30
modern mod,1
modern old-time,2
modern performance,2
modern power pop,20
modern progressive rock,7
modern psychedelic folk,5
modern reggae,69
modern rock,294
modern salsa,6
modern ska punk,25
modern southern rock,9
modern string quartet,5
modern swing,4
moderne ludovky,1
modular synth,8
modular techno,4
molam,1
moldovan pop,1
mongolian folk,1
mongolian pop,1
montana roots,1
montenegrin pop,1
montreal indie,13
moombahton,12
moorish traditional,3
morna,6
moroccan pop,2
motown,20
movie tunes,3
mpb,29
multidisciplinary,4
mundart,66
munich electronic,11
munich indie,22
musica afroperuana,2
musica andina,3
musica andorra,2
musica angolana,2
musica aragonesa,1
musica baiana,1
musica cabo-verdiana,1
musica capixaba,1
musica catalana,4
musica costarricense,1
musica criolla,1
musica etnica,5
musica indigena latinoamericana,1
musica infantil,1
musica juiz-forana,1
musica lombarda,3
musica maranhense,1
musica mato-grossense,1
musica menorquina,1
musica occitana,1
musica para criancas,1
musica para ninos,1
musica per bambini,3
musica popular colombiana,2
musica popular mineira,2
musica portuguesa contemporanea,3
musica sergipana,1
musica timor-leste,1
musica tradicional cubana,9
musica tradicional dominicana,1
musica triste brasileira,1
musique acadienne,1
musique ancienne,1
musique concrete,2
musique guadeloupe,3
musique mandingue,3
musique mauritanienne,3
musique pour enfants,2
musique touareg,1
musique traditionnelle congolaise,4
nantes indie,13
narodna muzika,3
nashville americana,4
nashville indie,7
nashville singer-songwriter,5
nashville sound,3
native american,4
native american contemporary,3
native american hip hop,1
necrogrind,1
nederlandse hardstyle,1
nederpop,9
neo classical metal,80
neo honky tonk,2
neo kyma,2
neo mellow,84
neo metal,16
neo r&b,14
neo soul,88
neo-classical,39
neo-crust,13
neo-industrial rock,2
neo-kraut,23
neo-progressive,32
neo-proto,2
neo-psicodelia brasileira,1
neo-psychedelic,99
neo-rockabilly,12
neo-singer-songwriter,8
neo-synthpop,36
neo-trad doom metal,10
neo-trad metal,38
neo-traditional bluegrass,4
neo-traditional country,1
neoclassical darkwave,24
neofolk,17
neomelodici,1
neon pop punk,22
neotango,7
nepali indie,1
neue deutsche harte,38
neue deutsche todeskunst,17
neue deutsche welle,14
neue volksmusik,12
neurofunk,33
neurostep,2
new age,7
new age piano,1
new americana,100
new beat,4
new brunswick indie,8
new comedy,1
new england americana,7
new england emo,5
new england experimental,1
new england metal,2
new french touch,103
new hampshire indie,2
new isolationism,29
new jack swing,18
new jersey hardcore,7
new jersey indie,16
new jersey punk,7
new jersey rap,9
new orleans americana,5
new orleans blues,4
new orleans funk,6
new orleans indie,4
new orleans jazz,8
new rave,161
new romantic,61
new tribe,5
new wave,81
new wave of glam metal,13
new wave of osdm,6
new wave of speed metal,9
new wave of thrash metal,29
new wave pop,101
new weird america,24
new weird finland,2
new york death metal,10
newcastle indie,6
newcastle nsw indie,2
newfoundland indie,2
ngoni,8
nice indie,4
nigerian hip hop,4
nigerian pop,11
night drive phonk,1
nightrun,8
ninja,54
nintendocore,15
nitzhonot,2
nl folk,3
no wave,13
noise,10
noise pop,56
noise punk,11
noise rock,49
noisecore,8
nordic ambient,2
nordic classical piano,1
nordic contemporary classical,2
nordic folk,8
nordic folk metal,14
nordic orchestra,2
nordic post-rock,10
nordic shoegaze,3
nordic soundtrack,2
nordnorsk musikk,4
nordnorsk ponk,1
normal indie,1
norrbotten indie,1
norrlandsk hip hop,2
norsk lovsang,1
norske viser,6
north carolina emo,2
north carolina hip hop,4
north carolina indie,3
north carolina metal,9
north carolina roots,3
north dakota indie,2
north east england indie,5
northamptonshire indie,2
northern irish indie,11
northern irish punk,4
norwegian alternative rock,9
norwegian americana,4
norwegian black metal,25
norwegian blues,2
norwegian contemporary jazz,16
norwegian country,4
norwegian death metal,3
norwegian doom metal,5
norwegian experimental,13
norwegian folk rock,2
norwegian gospel,1
norwegian hardcore,11
norwegian house,2
norwegian indie,30
norwegian jazz,28
norwegian metal,34
norwegian pop,24
norwegian pop rap,2
norwegian prog,4
norwegian psychedelic,8
norwegian punk,1
norwegian punk rock,5
norwegian rock,29
norwegian singer-songwriter,9
norwegian space disco,3
norwegian techno,2
norwegian trap,2
nottingham indie,11
nouvelle chanson francaise,89
nova mpb,15
nova musica paulista,2
nova musica pernambucana,1
nu age,5
nu disco,40
nu gaze,46
nu jazz,77
nu metal,145
nu skool breaks,12
nu-cumbia,10
nu-metalcore,19
nubian traditional,1
nueva cancion,6
nuevo flamenco,14
nuevo folklore argentino,4
nuevo folklore mexicano,2
nuevo tango,4
nursery,1
nwobhm,15
nwocr,31
nwothm,34
ny roots,1
nyc metal,10
nyc pop,6
nyc rap,3
nyhc,12
nz christian,1
nz dnb,5
nz electronic,5
nz folk,8
nz hardcore,3
nz hip hop,4
nz indie,13
nz metal,2
nz pop,16
nz punk,2
nz reggae,5
nz singer-songwriter,5
oakland hip hop,2
oakland indie,10
oaxaca indie,2
oc indie,3
oc rap,1
occult black metal,3
oceania soundtrack,1
ohio hip hop,7
oi,49
ok indie,4
okc indie,1
okinawan pop,1
oklahoma country,4
oktoberfest,7
old school dancehall,24
old school hard trance,2
old school hip hop,15
old school nederhop,1
old school rap francais,18
old school thrash,44
old school uk hip hop,4
old west,1
old-time,1
oldschool deutschrap,23
olympia wa indie,7
omaha indie,16
one-person band,13
ontario indie,10
opera,34
opera metal,17
operatic pop,16
opm,3
orchestra,23
orchestral performance,32
orebro indie,4
organic electronic,32
organic house,73
orgcore,32
oriental classical,1
oriental metal,10
orlando indie,2
oromo pop,1
orthodox chant,1
oshare kei,3
oslo indie,8
ostrock,1
otacore,7
oth indie,2
ottawa indie,2
ottawa rap,1
oud,5
oulu indie,2
oulu metal,5
outer hip hop,1
outlaw country,20
outsider,6
outsider house,35
oxford indie,16
p funk,5
pacific islands pop,6
pagan black metal,25
pagode,17
pagode baiano,4
pagode novo,2
paisley underground,5
pakistani indie,1
pakistani pop,1
pakistani rock,1
palestinian pop,3
palm desert scene,23
paracana,1
parody,1
partido alto,1
partyschlager,32
pei indie,1
pennsylvania hardcore,5
permanent wave,84
perreo,1
persian alternative,4
persian electronic,5
persian hip hop,1
persian neo-traditional,4
persian pop,3
persian rock,2
persian traditional,7
perth indie,3
peruvian indie,1
philly drill,1
philly indie,27
philly rap,9
philly soul,3
phonk,4
piano blues,5
piano cover,2
piano mpb,3
piano rock,30
piedmont blues,4
pinoy metal,2
pinoy rock,2
pipa,1
pirate,9
pittsburgh metal,1
pittsburgh rap,2
pittsburgh rock,1
pixie,27
plugg,2
plunderphonics,1
polish alternative,8
polish alternative rap,9
polish alternative rock,4
polish ambient,1
polish black metal,4
polish classical piano,3
polish death metal,6
polish electronica,3
polish experimental electronic,1
polish folk,2
polish hardcore,1
polish hip hop,11
polish indie,2
polish indie rock,2
polish jazz,3
polish metal,8
polish modern jazz,1
polish noise rock,1
polish pop,8
polish post-punk,1
polish post-rock,2
polish prog,1
polish psychedelia,1
polish punk,2
polish reggae,1
polish rock,3
polish synthpop,2
polish techno,2
polish thrash metal,1
polish trap,1
political hip hop,17
polyphonies corses,2
polyphony,6
pony,1
pop,252
pop ambient,4
pop argentino,2
pop chileno,1
pop costarricense,1
pop dance,138
pop edm,43
pop electronico,2
pop emo,21
pop flamenco,3
pop folk,7
pop house,7
pop lgbtq+ brasileira,4
pop nacional,4
pop punk,94
pop quebecois,17
pop r&b,16
pop rap,93
pop rock,177
pop rock brasileiro,1
pop romantico,1
pop soul,13
pop urbaine,66
pop violin,5
pop virale italiano,3
popgaze,29
popping,2
popwave,4
pornogrind,6
portland hip hop,3
portland indie,20
portland metal,10
portland punk,2
portsmouth indie,1
portuguese black metal,1
portuguese death metal,2
portuguese experimental,3
portuguese folk,1
portuguese indie,2
portuguese indie rock,2
portuguese jazz,3
portuguese metal,10
portuguese pop,11
portuguese post-rock,2
portuguese rock,6
portuguese techno,2
post-black metal,24
post-disco,13
post-doom metal,89
post-grunge,44
post-hardcore,77
post-metal,43
post-minimalism,9
post-post-hardcore,7
post-punk,60
post-punk argentina,2
post-punk mexicano,2
post-rock,76
post-romantic era,1
post-screamo,47
post-teen pop,70
power blues-rock,42
power electronics,7
power metal,109
power noise,9
power pop,25
power thrash,6
power-pop punk,29
powerviolence,12
prank,1
prepared piano,2
preschool children's music,3
prog metal,7
progressive alternative,2
progressive black metal,4
progressive bluegrass,16
progressive death metal,14
progressive deathcore,26
progressive doom,13
progressive electro house,54
progressive groove metal,8
progressive house,69
progressive jazz fusion,26
progressive metal,83
progressive metalcore,14
progressive post-hardcore,21
progressive power metal,9
progressive psytrance,43
progressive rock,66
progressive sludge,11
progressive technical death metal,5
progressive thrash,9
progressive trance,30
progressive trance house,2
progressive uplifting trance,13
proto-rap,1
proto-techno,6
protopunk,28
psicodelia brasileira,1
psicodelia mexicana,1
psybass,1
psych gaze,18
psychedelic blues-rock,5
psychedelic doom,91
psychedelic folk,3
psychedelic folk rock,3
psychedelic hip hop,10
psychedelic jazz fusion,5
psychedelic pop,10
psychedelic punk,2
psychedelic rock,49
psychedelic soul,9
psychedelic space rock,12
psychedelic trance,45
psychill,9
psychobilly,36
psychokore,2
psydub,4
psytech,2
pub rock,46
puerto rican folk,1
puerto rican indie,2
puerto rican pop,4
puerto rican rock,2
puglia indie,2
punjabi pop,2
punk,144
punk 'n' roll,55
punk blues,76
punk chileno,1
punk colombiano,1
punk mexicano,1
punk rock italiano,7
punk ska,3
punk tuga,1
punk urbano,1
purple sound,4
quartetto d'archi,2
quatuor a cordes,6
quebec death metal,8
quebec indie,30
quebec punk,2
queens hip hop,18
queer country,2
queercore,10
quiet storm,36
r&b,78
r&b brasileiro,2
r&b italiano,3
raga rock,1
ragga jungle,7
raggatek,3
ragtime,1
rai,4
rain,2
rajasthani folk,2
ranchera,2
rap,134
rap algerien,1
rap antillais,2
rap baiano,1
rap belge,3
rap calme,45
rap canario,1
rap capixaba,1
rap chileno,4
rap conciencia,5
rap conscient,38
rap cristiano,4
rap dominicano,5
rap espanol,3
rap euskera,1
rap feminino nacional,1
rap francais,50
rap inde,36
rap ivoire,1
rap kreyol,1
rap latina,13
rap lyonnais,6
rap malien,1
rap maroc,3
rap marseille,7
rap metal,33
rap metalcore,3
rap mineiro,1
rap montrealais,4
rap nacional antigo,2
rap napoletano,6
rap regio,1
rap rock,65
rap salvadoreno,1
rap sardegna,2
rap tico,1
rap tunisien,2
rap underground espanol,3
rare groove,1
rave,3
rave funk,1
raw black metal,1
raw techno,11
rawstyle,49
re:techno,2
reading,4
reading indie,8
rebel blues,4
rebetiko,1
recorder,3
red dirt,4
redneck,5
reggae,52
reggae en espanol,1
reggae fusion,38
reggae maghreb,4
reggae rock,12
reggae tuga,3
reggaeton,27
reggaeton colombiano,5
reggaeton cristiano,2
reggaeton flow,8
regional mexican,1
relaxative,2
rennes indie,12
retro metal,73
retro soul,17
reunion pop,2
rhode island indie,14
rhode island rap,2
rhythm game,1
riddim,12
riddim dubstep,4
riot grrrl,13
ritual ambient,2
rkt,1
rochester ny indie,6
rock,371
rock abc paulista,1
rock alternatif francais,27
rock alternativo brasileiro,3
rock alternativo espanol,3
rock campineiro,1
rock catala,2
rock chapin,2
rock cristiano,4
rock curitibano,1
rock drums,13
rock en espanol,23
rock goiano,1
rock gospel brasileiro,1
rock gotico,1
rock in opposition,5
rock independant francais,28
rock kapak,2
rock keyboard,7
rock nacional,5
rock nacional brasileiro,1
rock noise,5
rock of gibraltar,3
rock progresivo mexicano,1
rock progressif francais,4
rock quebecois,20
rock sergipano,1
rock steady,21
rock urbano mexicano,1
rock uruguayo,2
rock viet,1
rock-and-roll,17
rockabilly,26
rogaland indie,1
rogaland musikk,3
romanian black metal,2
romanian classical piano,1
romanian electronic,5
romanian metal,5
romanian pop,6
romanian rap,1
romanian rock,3
romanian trap,4
romantico,1
rome indie,7
rominimal,5
roots americana,12
roots reggae,55
roots rock,116
roots worship,1
rotterdam indie,2
rumba,20
rumba catalana,3
rumba congolaise,2
rune folk,10
russian alt pop,2
russian alternative rock,2
russian black metal,2
russian ccm,1
russian chanson,1
russian classical piano,14
russian dance pop,3
russian death metal,4
russian dnb,1
russian edm,1
russian electronic,6
russian emo rap,1
russian experimental electronic,4
russian folk,1
russian folk metal,3
russian folk rock,2
russian gangster rap,2
russian hardcore,4
russian hip hop,6
russian indie,1
russian jazz,2
russian metal,3
russian metalcore,4
russian modern jazz,1
russian nu metal,3
russian orchestra,1
russian pop,8
russian post-punk,6
russian post-rock,3
russian punk,5
russian punk rock,3
russian rave,1
russian rock,10
russian ska,3
russian synthpop,2
russian techno,4
russian thrash metal,1
russian trap,2
rva indie,4
sacramento hip hop,1
sacramento indie,9
sacred steel,2
sad lo-fi,2
sad rap,11
salon music,3
salsa,12
salsa choke,1
salsa colombiana,3
salsa cubana,4
salsa international,4
salsa peruana,1
salsa puertorriquena,4
salsa venezolana,1
salzburg indie,5
samba,16
samba de roda,2
samba moderno,2
samba reggae,4
samba-jazz,2
samba-rock,2
sambass,2
san antonio indie,1
san diego indie,3
san marcos tx indie,2
sardinia indie,1
saskatchewan indie,12
sasscore,23
saxony metal,3
saxophone trio,3
scandinavian r&b,2
scandipop,7
schlager,73
schranz,9
schweizer rap,58
sci-fi metal,12
scorecore,6
scottish americana,3
scottish electronic,8
scottish fiddle,1
scottish folk,15
scottish gaelic folk,3
scottish hip hop,2
scottish indie,27
scottish indie folk,3
scottish indie rock,6
scottish jazz,2
scottish metal,6
scottish new wave,6
scottish rock,30
scottish singer-songwriter,13
scottish techno,4
scratch,4
scream rap,1
screamo,94
screamocore,1
seattle hip hop,7
seattle indie,13
seattle metal,6
second line,7
sefardi,1
sega,2
serbian alternative rock,3
serbian electronic,3
serbian hip hop,2
serbian indie,2
serbian metal,3
serialism,1
sertanejo,15
sertanejo pop,9
sertanejo universitario,12
sevdah,6
shamanic,8
shanghai indie,1
shanty,3
sheffield indie,7
shibuya-kei,1
shimmer pop,73
shimmer psych,8
shiver pop,24
shoegaze,48
show tunes,2
shred,15
siberian folk,2
singaporean electronic,1
singaporean metal,3
singaporean punk,1
singer-songwriter,59
singing bowl,1
sinhala pop,3
sinhala rap,1
sitar,1
ska,70
ska argentino,4
ska chileno,1
ska espanol,4
ska jazz,7
ska mexicano,2
ska punk,44
ska revival,32
skate punk,91
skiffle,1
skinhead oi,2
skramz,9
sky room,13
slam death metal,43
slam poetry,6
slamming deathcore,7
slap house,13
slavic folk metal,4
slavic metal,8
slayer,69
slc indie,1
sleaze rock,52
sleep,1
slovak electronic,2
slovak folk,1
slovak hip hop,1
slovak metal,2
slovak pop,1
slovenian electronic,2
slovenian hip hop,1
slovenian indie,2
slovenian metal,4
slovenian pop,1
slovenian rock,2
slowcore,25
sludge metal,54
sludgecore,12
small room,14
smooth jazz,18
smooth saxophone,2
smooth soul,3
smutny rap,2
soca,12
socal pop punk,11
social media pop,11
soda pop,1
soft rock,114
solo wave,30
son cubano,2
son cubano clasico,1
son jarocho,1
sophisti-pop,16
soukous,2
soul,56
soul blues,23
soul flow,7
soul jazz,21
souldies,4
soulful house,14
sound art,34
sound collage,1
sound effects,2
soundtrack,18
south african alternative,17
south african choral,3
south african gospel,2
south african hip hop,3
south african house,4
south african jazz,6
south african metal,1
south african modern jazz,3
south african pop,14
south african pop dance,3
south african punk,1
south african r&b,2
south african rock,11
south african trap,1
south asian metal,2
south carolina hip hop,1
south carolina indie,1
south carolina metal,1
south dakota indie,2
southampton indie,4
southern americana,2
southern china indie,1
southern hip hop,60
southern metal,6
southern rock,16
southern soul,9
southern soul blues,1
soviet synthpop,1
sovietwave,2
space rock,100
spacewave,1
spanish black metal,3
spanish blues,3
spanish death metal,3
spanish electronic,4
spanish experimental,1
spanish folk,2
spanish folk metal,1
spanish hip hop,4
spanish indie folk,3
spanish indie pop,8
spanish indie rock,2
spanish invasion,1
spanish jazz,4
spanish metal,11
spanish modern rock,3
spanish new wave,1
spanish pop,10
spanish pop rock,5
spanish post-rock,6
spanish progressive rock,3
spanish punk,7
spanish reggae,1
spanish rock,9
spanish rockabilly,2
spanish synthpop,1
spanish techno,9
speed garage,3
speed metal,47
speedcore,9
speedrun,2
spiritual hip hop,2
spiritual jazz,2
spirituals,4
spoken word,1
springfield mo indie,2
st louis rap,1
st petersburg fl indie,1
stateside dnb,2
steampunk,16
steel guitar,1
steelpan,2
stl indie,3
stockholm indie,10
stomp and flutter,11
stomp and holler,205
stomp and whittle,5
stomp pop,13
stoner metal,80
stoner rock,85
straight edge,39
straight-ahead jazz,13
street band,6
street punk,14
street punk espanol,2
streichquartett,4
stride,8
string orchestra,3
string quartet,16
strut,4
stuttgart indie,17
substep,4
sudanese pop,4
sufi,1
sung poetry,1
sunnlensk tonlist,3
sunshine pop,3
suomi rock,8
suomirap,1
super eurobeat,2
supergroup,10
surf music,6
surf punk,8
svensk indie,1
swamp blues,2
swamp rock,5
swancore,3
swansea indie,2
swedish alternative rock,33
swedish americana,12
swedish black metal,10
swedish blues,4
swedish country,4
swedish dancehall,2
swedish death metal,27
swedish doom metal,22
swedish drill,1
swedish electronic,12
swedish electropop,13
swedish emo,4
swedish eurodance,2
swedish experimental,7
swedish folk pop,2
swedish gangsta rap,3
swedish garage rock,14
swedish grindcore,5
swedish hard rock,32
swedish hardcore,5
swedish heavy metal,9
swedish hip hop,14
swedish house,1
swedish idol pop,3
swedish indie folk,14
swedish indie pop,25
swedish indie rock,20
swedish jazz,29
swedish melodeath,22
swedish melodic rock,14
swedish metal,50
swedish metalcore,9
swedish pop,26
swedish pop punk,1
swedish pop rap,4
swedish post-hardcore,4
swedish post-punk,1
swedish power metal,5
swedish prog,5
swedish progressive metal,8
swedish psychedelic rock,3
swedish punk,2
swedish reggae,2
swedish rockabilly,2
swedish singer-songwriter,24
swedish soul,3
swedish stoner rock,20
swedish synth,4
swedish synthpop,11
swedish techno,11
swedish trap,2
swedish trap pop,9
swedish tropical house,2
swedish underground rap,4
swing,8
swing italiano,2
swing revival,6
swiss alternative rock,42
swiss black metal,18
swiss classical piano,4
swiss country,16
swiss experimental,31
swiss folk,17
swiss hip hop,100
swiss house,21
swiss indie,166
swiss indie folk,44
swiss jazz,56
swiss metal,109
swiss pop,50
swiss punk,69
swiss reggae,31
swiss rock,101
swiss singer-songwriter,43
swiss techno,34
swiss trap,19
swiss worship,2
sydney indie,2
symfonicky orchestr,3
symphonic black metal,24
symphonic death metal,17
symphonic deathcore,10
symphonic melodic death metal,3
symphonic metal,63
symphonic power metal,31
symphonic rock,80
synth funk,4
synth punk,5
synthesizer,2
synthetic classical,1
synthpop,48
synthwave,14
syrian pop,3
tabla,2
taiko,2
taiwan classical performance,1
taiwan experimental,3
taiwan hip hop,1
taiwan indie,1
taiwan instrumental,1
talent show,9
talentkonkurranse,1
tamaulipas indie,1
tamil hip hop,2
tamil pop,2
tango,9
tango cancion,1
tape club,4
tar,1
tarantella,3
tatar folk,1
tavern,2
tech house,167
tech trance,5
technical black metal,12
technical brutal death metal,26
technical death metal,76
technical deathcore,11
technical grindcore,3
technical groove metal,4
technical melodic death metal,11
technical thrash,14
techno,66
techno argentina,4
techno rave,1
teen pop,3
tejano,2
tekk,5
tekno,4
tempe indie,2
tennessee experimental,2
tennessee hip hop,2
tennessee metal,6
tex-mex,1
texas blues,15
texas country,21
texas hardcore,3
texas latin rap,2
texas metal,7
texas pop punk,4
texas punk,8
thai folk,1
thai hip hop,1
thai pop,3
thai psychedelic,1
thai rock,2
thai teen pop,1
thall,4
theme,2
theremin,3
thrash core,19
thrash metal,59
thrash-groove metal,3
throat singing,4
tibetan mantra,2
tibetan pop,3
tibetan traditional,2
tijuana electronic,1
tijuana indie,1
timba,8
togolese pop,2
tolkien metal,13
tone,1
toronto indie,17
toronto rap,6
trad quebecois,6
traditional blues,8
traditional british folk,10
traditional english folk,4
traditional funk,1
traditional reggae,1
traditional scottish folk,2
traditional ska,28
trance,36
trance brasileiro,6
trance mexicano,2
trancecore,25
transpop,10
trap,53
trap antillais,2
trap boricua,1
trap brasileiro,1
trap dominicano,1
trap funk,1
trap italiana,3
trap latino,25
trap mexicano,1
trap pesado,1
trap queen,11
trap soul,8
trap triste,1
traprun,3
trash rock,15
triangle indie,3
tribal house,18
tribute,4
trinidadian reggae,1
trip hop,59
trondersk musikk,2
trondheim indie,1
tropical,15
tropical alternativo,4
tropical house,137
tropicalia,4
trova,1
truck-driving country,1
tuareg guitar,9
tucson indie,12
tulsa indie,1
tunisian pop,1
turbo folk,10
turin indie,3
turkish alt pop,1
turkish alternative rock,2
turkish black metal,2
turkish death metal,2
turkish edm,1
turkish electronic,1
turkish experimental,1
turkish folk,5
turkish hip hop,6
turkish instrumental,3
turkish jazz,11
turkish metal,4
turkish modern jazz,2
turkish pop,12
turkish post-punk,1
turkish psych,5
turkish reggae,1
turkish rock,5
turkish singer-songwriter,2
turkish trap,2
turkish trap pop,9
turkmen pop,1
turntablism,76
tuvan folk,2
twee indie pop,1
twee pop,6
twoubadou,1
tzadik,17
uae indie,2
ugandan pop,1
uilleann pipes,2
uk alternative hip hop,19
uk alternative pop,21
uk americana,21
uk beatdown,5
uk contemporary jazz,20
uk contemporary r&b,18
uk dance,21
uk dancehall,5
uk diy punk,11
uk dnb,26
uk doom metal,20
uk drill,4
uk dub,7
uk experimental electronic,25
uk funky,6
uk garage,7
uk hip hop,21
uk house,16
uk metalcore,24
uk noise rock,10
uk pop,46
uk pop punk,14
uk post-hardcore,22
uk post-metal,7
uk post-punk,22
uk post-punk revival,5
uk reggae,13
uk rockabilly,2
uk stoner rock,4
uk tech house,13
uk worship,4
uk82,15
ukg revival,5
ukhc,7
ukrainian black metal,1
ukrainian classical piano,2
ukrainian electronic,8
ukrainian experimental,7
ukrainian folk,1
ukrainian hip hop,1
ukrainian indie,2
ukrainian metal,2
ukrainian pop,4
ukrainian rock,4
ukulele,2
umea hardcore,1
umea indie,1
unblack metal,4
underground boom bap,2
underground hip hop,60
underground power pop,5
underground rap,50
uplifting trance,38
uppsala indie,3
uptempo hardcore,32
urban contemporary,62
urbano espanol,2
uruguayan indie,1
us power metal,14
usbm,14
utah metal,4
uzbek pop,2
v-pop,3
vallenato,1
vallenato moderno,1
vancouver indie,23
vancouver metal,8
vancouver punk,21
vapor house,2
vapor pop,7
vapor soul,55
vapor trap,16
vapor twitch,45
vaporwave,8
variete francaise,14
varmland rock,5
vegan straight edge,11
vegas indie,3
velha guarda,3
venezuelan hip hop,1
venezuelan indie,1
venezuelan rock,1
vermont indie,6
vgm instrumental,1
victoria bc indie,6
video game music,5
vienna indie,26
vietnamese bolero,1
vietnamese hip hop,2
vietnamese pop,2
viking black metal,8
viking folk,6
viking metal,43
vintage chanson,1
vintage french electronic,5
vintage italian soundtrack,2
vintage schlager,2
viola,4
viola da gamba,1
violao,3
violin,28
viral pop,31
viral pop brasileiro,1
viral rap,6
viral trap,2
virgin islands reggae,2
virginia hip hop,4
virginia indie,1
virginia metal,11
virginia punk,10
visual kei,7
vlaamse rap,1
vocal ensemble,4
vocal harmony group,1
vocal house,34
vocal jazz,58
vocal trance,1
vocaloid,2
vogue,12
voidgaze,54
voidgrind,15
volksmusik,39
volkspop,17
volkstumliche musik,1
war metal,5
warm drone,5
warrington indie,3
washboard,1
washington indie,4
wassoulou,5
wave,2
weightless,10
weirdcore,1
wellington indie,7
welsh hip hop,2
welsh indie,11
welsh metal,6
welsh rock,13
west african jazz,1
west coast rap,10
west coast trap,3
west virginia indie,3
west virginia metal,1
west yorkshire indie,1
western americana,8
western mass indie,5
western saharan folk,5
western swing,1
white noise,3
wind ensemble,2
windsor on indie,1
winnipeg hip hop,1
wisconsin indie,2
wisconsin metal,1
witch house,5
women's choir,2
women's music,6
wonky,47
worcester ma indie,3
workout product,1
world,78
world chill,1
world devotional,5
world fusion,15
world meditation,1
world worship,9
worship,14
wrestling,10
wu fam,3
wyoming indie,1
xhosa,1
xtra raw,2
yacht rock,16
ye ye,10
yemeni pop,2
yoik,1
york indie,3
yorkshire folk,2
youth orchestra,1
yugoslav new wave,1
yugoslav rock,16
zenonesque,3
zeuhl,1
zillertal,6
zim urban groove,3
zolo,17
zouglou,1
zouk,5
zouk riddim,2
zurich indie,42
