,spotify_genre
0,21st century classical
1,5th wave emo
2,a cappella
3,aarhus indie
4,aberdeen indie
5,abstract
6,abstract beats
7,abstract hip hop
8,abstract idm
9,abstractro
10,accordeon
11,accordion
12,acid house
13,acid idm
14,acid jazz
15,acid rock
16,acid techno
17,acid trance
18,acousmatic
19,acoustic blues
20,acoustic cover
21,acoustic pop
22,acoustic punk
23,acoustic rock
24,action rock
25,adoracao
26,adult standards
27,aesthetic rap
28,afghan rap
29,african electronic
30,african experimental
31,african metal
32,african percussion
33,african reggae
34,african rock
35,african-american classical
36,afrikaans
37,afro dancehall
38,afro house
39,afro psych
40,afro r&b
41,afro soul
42,afro-cuban percussion
43,afro-funk
44,afrobeat
45,afrobeat brasileiro
46,afrobeat fusion
47,afrofuturism
48,afrofuturismo brasileiro
49,afropop
50,afroswing
51,aggrotech
52,ai
53,alabama indie
54,alabama metal
55,alabama rap
56,alaska indie
57,albanian folk
58,albanian hip hop
59,albanian pop
60,albany ny indie
61,alberta country
62,alberta hip hop
63,album rock
64,albuquerque indie
65,algerian folk
66,alphorn
67,alpine yodeling
68,alt z
69,alternative americana
70,alternative country
71,alternative dance
72,alternative emo
73,alternative hardcore
74,alternative hip hop
75,alternative metal
76,alternative metalcore
77,alternative pop
78,alternative pop rock
79,alternative r&b
80,alternative rock
81,alternative roots rock
82,ambeat
83,ambient
84,ambient black metal
85,ambient folk
86,ambient house
87,ambient idm
88,ambient industrial
89,ambient pop
90,ambient post-rock
91,ambient psychill
92,ambient techno
93,ambient trance
94,american 21st century classical
95,american classical piano
96,american contemporary classical
97,american folk revival
98,american grindcore
99,american melodeath
100,american metalcore
101,american oi
102,american orchestra
103,american post-rock
104,american primitive
105,american shoegaze
106,amharic pop
107,anarcho-punk
108,anime
109,anime latino
110,anime lo-fi
111,anime rap
112,anime rock
113,ann arbor indie
114,anthem emo
115,anthem worship
116,anti-folk
117,antideutsche
118,appenzeller folk
119,arab alternative
120,arab electronic
121,arab experimental
122,arab folk
123,arab groove
124,arab metal
125,arab pop
126,arabesk
127,arabic hip hop
128,arabic jazz
129,argentine ambient
130,argentine hardcore
131,argentine indie
132,argentine jazz
133,argentine metal
134,argentine punk
135,argentine reggae
136,argentine rock
137,argentine telepop
138,arizona punk
139,arkansas country
140,arkansas indie
141,arkansas metal
142,art pop
143,art punk
144,art rock
145,art song
146,asbury park indie
147,asheville indie
148,asian american hip hop
149,athens indie
150,atl hip hop
151,atl trap
152,atlanta indie
153,atlanta metal
154,atlanta punk
155,atmosphere
156,atmospheric black metal
157,atmospheric dnb
158,atmospheric doom
159,atmospheric post-metal
160,atmospheric post-rock
161,atmospheric sludge
162,auckland indie
163,audiophile vocal
164,aussie drill
165,aussie emo
166,aussietronica
167,austin americana
168,austin rock
169,austin singer-songwriter
170,austindie
171,australian alternative pop
172,australian alternative rock
173,australian ambient
174,australian americana
175,australian black metal
176,australian blues
177,australian classical piano
178,australian country
179,australian dance
180,australian death metal
181,australian electropop
182,australian experimental
183,australian garage punk
184,australian hardcore
185,australian hip hop
186,australian house
187,australian indie
188,australian indie folk
189,australian indie rock
190,australian indigenous
191,australian jazz
192,australian metal
193,australian metalcore
194,australian pop
195,australian post-hardcore
196,australian post-punk
197,australian post-rock
198,australian psych
199,australian r&b
200,australian reggae fusion
201,australian rock
202,australian shoegaze
203,australian singer-songwriter
204,australian ska
205,australian talent show
206,australian techno
207,australian thrash metal
208,australian trap
209,australian underground hip hop
210,austrian black metal
211,austrian classical piano
212,austrian contemporary classical
213,austrian dnb
214,austrian hip hop
215,austrian indie
216,austrian jazz
217,austrian metal
218,austrian orchestra
219,austrian pop
220,austrian punk
221,austrian stoner rock
222,austrian techno
223,austropop
224,auteur-compositeur-interprete quebecois
225,autoharp
226,autonomous black metal
227,avant-garde
228,avant-garde black metal
229,avant-garde jazz
230,avant-garde metal
231,avant-rock
232,axe
233,azeri pop
234,azeri rap
235,azeri traditional
236,azonto
237,azontobeats
238,bachata
239,bachata dominicana
240,background jazz
241,background music
242,background piano
243,backing track
244,bagpipe
245,baiao
246,bakersfield sound
247,bal-musette
248,balafon
249,balearic
250,balfolk
251,balkan beats
252,balkan brass
253,balkan classical piano
254,balkan folk metal
255,balkan hip hop
256,balkan trap
257,ballroom
258,baltic black metal
259,baltic classical piano
260,baltic folk
261,baltic post-punk
262,baltimore indie
263,banda caliente
264,bandolim
265,bandoneon
266,bangalore indie
267,bangladeshi rock
268,banjo
269,barbadian pop
270,barbershop
271,bard
272,bardcore
273,barnmusik
274,barockinterpreten
275,baroque
276,baroque brass
277,baroque cello
278,baroque ensemble
279,baroque pop
280,baroque singing
281,baroque violin
282,baroque woodwind
283,basel indie
284,bass house
285,bass music
286,bass trap
287,bass trip
288,basshall
289,bassline
290,bath indie
291,batida
292,baton rouge rap
293,battle rap
294,bay area hip hop
295,bay area indie
296,bayerischer rap
297,bboy
298,bc underground hip hop
299,beat italiano
300,beatboxing
301,beatdown
302,beatlesque
303,bebop
304,bedroom pop
305,bedroom soul
306,belarusian indie
307,belarusian metal
308,belfast indie
309,belfast metal
310,belgian black metal
311,belgian blues
312,belgian dance
313,belgian death metal
314,belgian edm
315,belgian electronic
316,belgian experimental
317,belgian hardcore
318,belgian hip hop
319,belgian indie
320,belgian indie rock
321,belgian jazz
322,belgian metal
323,belgian modern jazz
324,belgian new wave
325,belgian pop
326,belgian post-rock
327,belgian rock
328,belgian singer-songwriter
329,belgian stoner rock
330,belgian techno
331,belly dance
332,belo horizonte indie
333,bemani
334,benga
335,beninese pop
336,bergamo indie
337,bergen indie
338,berlin minimal techno
339,berlin school
340,bern indie
341,bhangra
342,big band
343,big beat
344,big room
345,binaural
346,birdsong
347,birmingham grime
348,birmingham hip hop
349,birmingham indie
350,birmingham metal
351,bitpop
352,black 'n' roll
353,black death
354,black metal
355,black metal argentino
356,black punk
357,black sludge
358,black speed metal
359,black thrash
360,blackened crust
361,blackened deathcore
362,blackened hardcore
363,blackgaze
364,blaskapelle
365,blasmusik
366,bleep techno
367,bluegrass
368,bluegrass gospel
369,blues
370,blues band
371,blues rock
372,blues-rock guitar
373,bmore
374,bolero
375,bolero cubano
376,boogaloo
377,boogie
378,boogie-woogie
379,boom bap
380,boom bap brasileiro
381,boom bap espanol
382,bosnian indie
383,bossa nova
384,bossa nova jazz
385,boston electronic
386,boston folk
387,boston hardcore
388,boston hip hop
389,boston indie
390,boston metal
391,boston punk
392,boston rock
393,bouncy house
394,bow pop
395,boy band
396,braindance
397,brass band
398,brass band brasileiro
399,brass ensemble
400,brass quintet
401,brazilian bass
402,brazilian black metal
403,brazilian boogie
404,brazilian death metal
405,brazilian dnb
406,brazilian edm
407,brazilian gospel
408,brazilian groove metal
409,brazilian hardcore
410,brazilian hip hop
411,brazilian house
412,brazilian indie
413,brazilian indie rock
414,brazilian jazz
415,brazilian metal
416,brazilian modern jazz
417,brazilian percussion
418,brazilian post-hardcore
419,brazilian power metal
420,brazilian progressive metal
421,brazilian punk
422,brazilian punk rock
423,brazilian reggae
424,brazilian rock
425,brazilian rockabilly
426,brazilian soul
427,brazilian stoner rock
428,brazilian surf rock
429,brazilian techno
430,brazilian thrash metal
431,breakbeat
432,breakcore
433,breaks
434,brega romantico
435,breton folk
436,brighton indie
437,brill building pop
438,brisbane indie
439,bristol electronic
440,bristol indie
441,brit funk
442,british alternative rock
443,british black metal
444,british blues
445,british brass band
446,british choir
447,british classical piano
448,british contemporary classical
449,british country
450,british death metal
451,british experimental
452,british folk
453,british grindcore
454,british indie rock
455,british industrial
456,british invasion
457,british jazz
458,british math rock
459,british orchestra
460,british post-rock
461,british power metal
462,british singer-songwriter
463,british soul
464,british soundtrack
465,britpop
466,broken beat
467,bronx hip hop
468,brooklyn drill
469,brooklyn indie
470,brostep
471,brutal death metal
472,brutal deathcore
473,bubble trance
474,bubblegrunge
475,bubblegum dance
476,bubblegum pop
477,buffalo ny indie
478,buffalo ny metal
479,bulgarian electronic
480,bulgarian experimental
481,bulgarian folk
482,bulgarian indie
483,bulgarian metal
484,bulgarian pop
485,bulgarian rock
486,burkinabe pop
487,burkinabe traditional
488,burundian pop
489,bury st edmunds indie
490,c-pop
491,c86
492,cabaret
493,calgary indie
494,cali rap
495,california hardcore
496,calming instrumental
497,cambodian rock
498,cambridge choir
499,cambridgeshire indie
500,cameroonian pop
501,canadian americana
502,canadian black metal
503,canadian blues
504,canadian ccm
505,canadian celtic
506,canadian classical piano
507,canadian contemporary country
508,canadian contemporary r&b
509,canadian country
510,canadian death metal
511,canadian drill
512,canadian electronic
513,canadian electropop
514,canadian experimental
515,canadian folk
516,canadian garage rock
517,canadian hardcore
518,canadian hip hop
519,canadian house
520,canadian indie
521,canadian indie folk
522,canadian indigenous
523,canadian latin
524,canadian metal
525,canadian metalcore
526,canadian modern jazz
527,canadian old school hip hop
528,canadian pop
529,canadian pop punk
530,canadian post-hardcore
531,canadian post-punk
532,canadian post-rock
533,canadian psychedelic
534,canadian psychedelic rock
535,canadian punk
536,canadian rock
537,canadian rockabilly
538,canadian shoegaze
539,canadian singer-songwriter
540,canadian stoner rock
541,canadian trap
542,canadian underground hip hop
543,cancion infantil latinoamericana
544,cancion melodica
545,candomble
546,candy pop
547,cantautor
548,cantautora argentina
549,cante flamenco
550,canterbury scene
551,canzone d'autore
552,canzone genovese
553,canzone napoletana
554,cape breton folk
555,cape breton indie
556,cape town indie
557,cape verdean folk
558,caracas indie
559,cardiff indie
560,carnatic
561,carnatic instrumental
562,cascadian black metal
563,caucasian classical piano
564,cavernous death metal
565,ccm
566,cedm
567,cello
568,celtic
569,celtic metal
570,celtic punk
571,celtic rock
572,chalga
573,chamber choir
574,chamber ensemble
575,chamber folk
576,chamber orchestra
577,chamber pop
578,chamber psych
579,champeta
580,channel islands indie
581,channel pop
582,chanson
583,chanson paillarde
584,chanson quebecois
585,chanson virale
586,chaotic black metal
587,chaotic hardcore
588,chapman stick
589,charanga
590,charango
591,charlotte nc indie
592,charlottesville indie
593,charred death
594,chicago blues
595,chicago bop
596,chicago drill
597,chicago hardcore
598,chicago house
599,chicago indie
600,chicago pop punk
601,chicago punk
602,chicago rap
603,chicano punk
604,chicano rap
605,chicha
606,chihuahua indie
607,children's choir
608,children's music
609,chilean black metal
610,chilean indie
611,chilean metal
612,chilean rock
613,chill lounge
614,chill out
615,chill pop
616,chill r&b
617,chill-out trance
618,chillhop
619,chillstep
620,chillsynth
621,chillwave
622,chinderlieder
623,chinese classical performance
624,chinese classical piano
625,chinese electronic
626,chinese electropop
627,chinese experimental
628,chinese indie
629,chinese indie pop
630,chinese indie rock
631,chinese jazz
632,chinese metal
633,chinese post-punk
634,chinese post-rock
635,chinese traditional
636,chinese worship
637,chip hop
638,chiptune
639,chopped and screwed
640,choral
641,choro
642,choro contemporaneo
643,christchurch indie
644,christelijk
645,christian a cappella
646,christian alternative rock
647,christian deathcore
648,christian hardcore
649,christian indie
650,christian metal
651,christian metalcore
652,christian music
653,christian pop
654,christian power metal
655,christian punk
656,christian relaxative
657,christian rock
658,christian uplift
659,christlicher rap
660,christmas product
661,cimbalom
662,cinematic post-rock
663,circuit
664,city pop
665,classic afrobeat
666,classic arab pop
667,classic azeri pop
668,classic bangla pop
669,classic belgian pop
670,classic bhangra
671,classic canadian rock
672,classic city pop
673,classic colombian pop
674,classic country pop
675,classic czech pop
676,classic danish pop
677,classic danish rock
678,classic dubstep
679,classic eurovision
680,classic finnish rock
681,classic french pop
682,classic garage rock
683,classic girl group
684,classic greek pop
685,classic greek rock
686,classic hardstyle
687,classic house
688,classic icelandic pop
689,classic indo pop
690,classic indonesian rock
691,classic israeli pop
692,classic italian folk pop
693,classic italian pop
694,classic j-pop
695,classic k-pop
696,classic norwegian pop
697,classic opm
698,classic pakistani pop
699,classic persian pop
700,classic polish pop
701,classic praise
702,classic progressive house
703,classic rock
704,classic romanian pop
705,classic russian pop
706,classic russian rock
707,classic schlager
708,classic sinhala pop
709,classic soul
710,classic soundtrack
711,classic swedish pop
712,classic uk pop
713,classical
714,classical accordion
715,classical baritone
716,classical bass
717,classical cello
718,classical clarinet
719,classical contralto
720,classical countertenor
721,classical flute
722,classical guitar
723,classical harp
724,classical horn
725,classical jazz fusion
726,classical mandolin
727,classical mezzo-soprano
728,classical oboe
729,classical organ
730,classical percussion
731,classical performance
732,classical piano
733,classical piano trio
734,classical saxophone
735,classical saxophone quartet
736,classical soprano
737,classical tenor
738,classical trombone
739,classical trumpet
740,classify
741,cleveland indie
742,cleveland metal
743,coldwave
744,collage pop
745,cologne electronic
746,cologne hip hop
747,cologne indie
748,colombian black metal
749,colombian hip hop
750,colombian indie
751,colombian pop
752,colombian rock
753,columbus ohio indie
754,combos nacionales
755,comedy
756,comedy rap
757,comedy rock
758,comic
759,comic metal
760,commons
761,complextro
762,compositional ambient
763,comptine africaine
764,concertina
765,connecticut hardcore
766,conscious hip hop
767,contemporary classical
768,contemporary classical piano
769,contemporary country
770,contemporary jazz
771,contemporary post-bop
772,contemporary vocal jazz
773,cook islands pop
774,cool jazz
775,cork indie
776,cornish folk
777,cornwall indie
778,corrido
779,corrosion
780,corsican folk
781,cosmic american
782,cosmic black metal
783,cosmic death metal
784,cosmic post-rock
785,country
786,country blues
787,country dawn
788,country pop
789,country quebecois
790,country rap
791,country road
792,country rock
793,coupe-decale
794,coverchill
795,covertrance
796,cowboy western
797,cowpunk
798,crack rock steady
799,croatian electronic
800,croatian hip hop
801,croatian indie
802,croatian metal
803,croatian pop
804,croatian rock
805,crossover prog
806,crossover thrash
807,crunk
808,crust punk
809,cryptic black metal
810,cuarteto
811,cuatro venezolano
812,cuban alternative
813,cuban rumba
814,cubaton
815,cumbia
816,cumbia chilena
817,cumbia colombiana regia
818,cumbia peruana
819,cumbia pop
820,cumbia ranchera
821,cumbia sonorense
822,cumbia villera
823,cyber metal
824,cybergrind
825,cyberpunk
826,czech classical piano
827,czech electronic
828,czech folk
829,czech hip hop
830,czech indie
831,czech metal
832,czech pop
833,czech pop rock
834,czech punk
835,czech rock
836,czech singer-songwriter
837,czsk black metal
838,czsk hip hop
839,czsk reggae
840,d-beat
841,dabke
842,dainuojamoji poezija
843,dalarna indie
844,dance pop
845,dance rock
846,dance-punk
847,dancefloor dnb
848,dancehall
849,danish alternative rock
850,danish black metal
851,danish death metal
852,danish electro
853,danish electronic
854,danish electropop
855,danish experimental
856,danish folk
857,danish hardcore
858,danish hip hop
859,danish indie
860,danish indie pop
861,danish jazz
862,danish metal
863,danish modern jazz
864,danish pop
865,danish pop rock
866,danish post-punk
867,danish punk
868,danish rock
869,danish singer-songwriter
870,danish techno
871,dansband
872,danseband
873,dansktop
874,danspunk
875,darbuka
876,dark ambient
877,dark black metal
878,dark cabaret
879,dark clubbing
880,dark disco
881,dark electro
882,dark folk
883,dark hardcore
884,dark jazz
885,dark minimal techno
886,dark post-punk
887,dark psytrance
888,dark rock
889,dark techno
890,dark trap
891,dark wave
892,darkstep
893,darksynth
894,dayton indie
895,dc hardcore
896,dc indie
897,death 'n' roll
898,death doom
899,death industrial
900,death metal
901,deathcore
902,deathgrass
903,deathgrind
904,deathrash
905,deathrock
906,deathstep
907,deconstructed club
908,deep acoustic pop
909,deep big room
910,deep breakcore
911,deep ccm
912,deep chill-out
913,deep christian rock
914,deep classic garage rock
915,deep comedy
916,deep dance pop
917,deep darkpsy
918,deep deep house
919,deep disco house
920,deep discofox
921,deep dnb
922,deep dubstep
923,deep east coast hip hop
924,deep euro house
925,deep flow
926,deep folk metal
927,deep funk
928,deep german hip hop
929,deep german indie
930,deep german punk
931,deep gothic post-punk
932,deep groove house
933,deep hardcore
934,deep house
935,deep idm
936,deep indie pop
937,deep indie rock
938,deep indie singer-songwriter
939,deep italo disco
940,deep jazz fusion
941,deep latin alternative
942,deep latin christian
943,deep latin jazz
944,deep liquid
945,deep liquid bass
946,deep melodic death metal
947,deep melodic hard rock
948,deep melodic metalcore
949,deep metalcore
950,deep minimal techno
951,deep motown
952,deep new americana
953,deep pop edm
954,deep pop emo
955,deep power-pop punk
956,deep progressive rock
957,deep psychobilly
958,deep rai
959,deep regional mexican
960,deep soft rock
961,deep soul house
962,deep southern trap
963,deep space rock
964,deep surf music
965,deep swedish rock
966,deep talent show
967,deep tech house
968,deep techno
969,deep tropical house
970,deep turkish pop
971,deep underground hip hop
972,deep uplifting trance
973,delaware indie
974,dembow
975,demoscene
976,denton tx indie
977,denver indie
978,denver metal
979,depressive black metal
980,derby indie
981,derry indie
982,desert blues
983,desi hip hop
984,desi pop
985,destroy techno
986,detroit hip hop
987,detroit house
988,detroit indie
989,detroit rock
990,detroit techno
991,deutschrock
992,devon indie
993,dfw rap
994,didgeridoo
995,digital hardcore
996,dinner jazz
997,dirty south rap
998,dirty texas rap
999,disco
1000,disco house
1001,disco polo
1002,discofox
1003,disney
1004,disney espanol
1005,dissonant death metal
1006,diva house
1007,dixieland
1008,diy emo
1009,diy pop punk
1010,djent
1011,dmv rap
1012,dominican indie
1013,dominican pop
1014,doom metal
1015,doomcore
1016,doomgaze
1017,dortmund indie
1018,double drumming
1019,doujin
1020,downtempo
1021,downtempo bass
1022,downtempo deathcore
1023,dream pop
1024,dream smp
1025,dream trance
1026,dreamgaze
1027,dreamo
1028,dresden indie
1029,drift
1030,drill
1031,drill and bass
1032,drill francais
1033,drone
1034,drone ambient
1035,drone folk
1036,drone metal
1037,drone rock
1038,dronescape
1039,drum and bass
1040,drumfunk
1041,dub
1042,dub metal
1043,dub punk
1044,dub reggae
1045,dub techno
1046,dublin indie
1047,dubstep
1048,duduk
1049,duluth indie
1050,dundee indie
1051,dunedin indie
1052,dungeon synth
1053,dusseldorf electronic
1054,dusseldorf indie
1055,dutch americana
1056,dutch black metal
1057,dutch blues
1058,dutch cabaret
1059,dutch classical piano
1060,dutch death metal
1061,dutch dnb
1062,dutch edm
1063,dutch experimental
1064,dutch experimental electronic
1065,dutch hip hop
1066,dutch house
1067,dutch idol pop
1068,dutch indie
1069,dutch indie rock
1070,dutch jazz
1071,dutch metal
1072,dutch pop
1073,dutch prog
1074,dutch punk
1075,dutch punk rock
1076,dutch r&b
1077,dutch rap pop
1078,dutch rock
1079,dutch singer-songwriter
1080,dutch stoner rock
1081,dutch tech house
1082,dutch trance
1083,dutch underground hip hop
1084,early french punk
1085,early music
1086,early music choir
1087,early music ensemble
1088,early reggae
1089,early romantic era
1090,early synthpop
1091,early us punk
1092,east anglia indie
1093,east coast hip hop
1094,east coast reggae
1095,easy listening
1096,easycore
1097,eau claire indie
1098,ebm
1099,ecm-style jazz
1100,ectofolk
1101,ecuadorian indie
1102,ecuadorian pop
1103,edinburgh indie
1104,edinburgh metal
1105,edm
1106,edmonton indie
1107,egyptian alternative
1108,egyptian hip hop
1109,egyptian pop
1110,el paso indie
1111,electra
1112,electric bass
1113,electric blues
1114,electro
1115,electro dub
1116,electro house
1117,electro jazz
1118,electro latino
1119,electro swing
1120,electro trash
1121,electro-industrial
1122,electro-pop francais
1123,electroacoustic composition
1124,electroacoustic improvisation
1125,electroclash
1126,electrofox
1127,electronic djent
1128,electronic rock
1129,electronic trap
1130,electronica
1131,electronica argentina
1132,electronica chilena
1133,electronica peruana
1134,electronica venezuela
1135,electronicore
1136,electropop
1137,electropowerpop
1138,elektropunk
1139,elephant 6
1140,emo
1141,emo mexicano
1142,emo punk
1143,emo rap
1144,emocore
1145,emoviolence
1146,english indie rock
1147,entehno
1148,environmental
1149,epic black metal
1150,epic doom
1151,epicore
1152,eritrean pop
1153,escape room
1154,essex indie
1155,estonian electronic
1156,estonian folk
1157,estonian indie
1158,estonian jazz
1159,estonian metal
1160,estonian pop
1161,estonian rock
1162,ethereal wave
1163,etherpop
1164,ethio-jazz
1165,ethiopian pop
1166,ethiopian traditional
1167,ethnotronica
1168,eugene indie
1169,euphoric hardstyle
1170,euro hi-nrg
1171,eurodance
1172,europop
1173,euroska
1174,eurovision
1175,euskal indie
1176,euskal metal
1177,euskal rock
1178,experimental
1179,experimental ambient
1180,experimental big band
1181,experimental black metal
1182,experimental classical
1183,experimental club
1184,experimental dub
1185,experimental dubstep
1186,experimental electronic
1187,experimental folk
1188,experimental guitar
1189,experimental hip hop
1190,experimental house
1191,experimental indie
1192,experimental indie rock
1193,experimental jazz
1194,experimental percussion
1195,experimental pop
1196,experimental psych
1197,experimental r&b
1198,experimental rock
1199,experimental synth
1200,experimental techno
1201,experimental vocal
1202,fado
1203,fake
1204,fallen angel
1205,faroese indie
1206,faroese pop
1207,faroese rock
1208,fast melodic punk
1209,fidget house
1210,field recording
1211,fijian pop
1212,filmi
1213,filter house
1214,filthstep
1215,final fantasy
1216,fingerstyle
1217,finlandssvenska musik
1218,finnish alternative rock
1219,finnish black metal
1220,finnish blues
1221,finnish contemporary classical
1222,finnish dance pop
1223,finnish death metal
1224,finnish doom metal
1225,finnish edm
1226,finnish electro
1227,finnish electronic
1228,finnish experimental
1229,finnish folk
1230,finnish hard rock
1231,finnish hardcore
1232,finnish heavy metal
1233,finnish hip hop
1234,finnish idol pop
1235,finnish indie
1236,finnish jazz
1237,finnish melodeath
1238,finnish metal
1239,finnish modern jazz
1240,finnish new wave
1241,finnish pop
1242,finnish post-punk
1243,finnish power metal
1244,finnish progressive metal
1245,finnish progressive rock
1246,finnish psychedelic rock
1247,finnish punk
1248,finnish reggae
1249,finnish rockabilly
1250,finnish soul
1251,finnish techno
1252,firenze indie
1253,flamenco
1254,flamenco fusion
1255,flamenco guitar
1256,flamenco urbano
1257,flemish folk
1258,flick hop
1259,float house
1260,florida death metal
1261,florida hardcore
1262,florida rap
1263,flute rock
1264,fluxwork
1265,focus
1266,focus beats
1267,focus trance
1268,folclor afrocolombiano
1269,folclore portugues
1270,folclore salteno
1271,folclore tucumano
1272,folk
1273,folk black metal
1274,folk brasileiro
1275,folk metal
1276,folk punk
1277,folk rock
1278,folk rock italiano
1279,folk siciliana
1280,folk-pop
1281,folklore argentino
1282,folklore boliviano
1283,folklore cuyano
1284,folklore peruano
1285,folklore quebecois
1286,folklore veracruzano
1287,folkmusik
1288,folktronica
1289,footwork
1290,forest psy
1291,forro
1292,forro tradicional
1293,fort wayne indie
1294,fort worth indie
1295,fotbollslatar
1296,fourth world
1297,francoton
1298,frankfurt electronic
1299,frankfurt indie
1300,frauenrap
1301,freak folk
1302,freakbeat
1303,free folk
1304,free improvisation
1305,free jazz
1306,freestyle
1307,french black metal
1308,french classical piano
1309,french contemporary classical
1310,french death metal
1311,french dnb
1312,french dub
1313,french experimental rock
1314,french folk
1315,french folk pop
1316,french garage rock
1317,french hardcore
1318,french hip hop
1319,french indie folk
1320,french indie pop
1321,french indietronica
1322,french jazz
1323,french metal
1324,french movie tunes
1325,french oi
1326,french orchestra
1327,french pop
1328,french post-punk
1329,french post-rock
1330,french psychedelic
1331,french punk
1332,french reggae
1333,french rock
1334,french romanticism
1335,french shoegaze
1336,french soundtrack
1337,french stoner rock
1338,french synthpop
1339,french tech house
1340,french techno
1341,frenchcore
1342,full on
1343,funana
1344,funeral doom
1345,funk
1346,funk carioca
1347,funk das antigas
1348,funk evangelico
1349,funk metal
1350,funk mexicano
1351,funk ostentacao
1352,funk pop
1353,funk rock
1354,funky breaks
1355,funky house
1356,funky tech house
1357,future ambient
1358,future bass
1359,future funk
1360,future garage
1361,future house
1362,future rock
1363,futurepop
1364,g funk
1365,g-house
1366,gabba
1367,gaian doom
1368,gainesville indie
1369,galego
1370,galician folk
1371,galway indie
1372,gambian pop
1373,gaming dubstep
1374,gaming edm
1375,gangster rap
1376,garage house
1377,garage pop
1378,garage psych
1379,garage punk
1380,garage punk blues
1381,garage rock
1382,garage rock mexicano
1383,garage rock revival
1384,gauze pop
1385,gbvfi
1386,geek folk
1387,geek rock
1388,georgian alternative
1389,georgian electronic
1390,georgian pop
1391,german alternative rap
1392,german alternative rock
1393,german black metal
1394,german blues
1395,german boom bap
1396,german ccm
1397,german choir
1398,german classical piano
1399,german cloud rap
1400,german contemporary classical
1401,german country
1402,german dance
1403,german dark minimal techno
1404,german death metal
1405,german dnb
1406,german drill
1407,german electronica
1408,german grindcore
1409,german hard rock
1410,german hardcore
1411,german heavy metal
1412,german hip hop
1413,german house
1414,german indie
1415,german indie folk
1416,german indie pop
1417,german indie rock
1418,german jazz
1419,german jazz rap
1420,german melodeath
1421,german metal
1422,german metalcore
1423,german oi
1424,german orchestra
1425,german pagan metal
1426,german pop
1427,german pop rock
1428,german post-hardcore
1429,german post-punk
1430,german post-rock
1431,german power metal
1432,german prog
1433,german punk
1434,german punk rock
1435,german r&b
1436,german reggae
1437,german rock
1438,german rockabilly
1439,german shoegaze
1440,german show tunes
1441,german singer-songwriter
1442,german ska
1443,german soundtrack
1444,german stoner rock
1445,german street punk
1446,german tech house
1447,german techno
1448,german thrash metal
1449,german trance
1450,german trap
1451,german underground rap
1452,german viral rap
1453,german worship
1454,ghanaian alternative
1455,ghanaian hip hop
1456,ghanaian pop
1457,ghent indie
1458,ghettotech
1459,girl group
1460,glam metal
1461,glam punk
1462,glam rock
1463,glasgow indie
1464,glitch
1465,glitch beats
1466,glitch hop
1467,glitch pop
1468,glitchcore
1469,gnawa
1470,golden age hip hop
1471,goregrind
1472,gospel
1473,gospel rap
1474,gospel reggae
1475,gospel singers
1476,gothabilly
1477,gothenburg indie
1478,gothenburg metal
1479,gothic alternative
1480,gothic americana
1481,gothic black metal
1482,gothic doom
1483,gothic metal
1484,gothic post-punk
1485,gothic rock
1486,gothic symphonic metal
1487,gqom
1488,granada indie
1489,grand rapids indie
1490,grave wave
1491,graz indie
1492,grebo
1493,greek black metal
1494,greek downtempo
1495,greek guitar
1496,greek hip hop
1497,greek house
1498,greek indie
1499,greek indie rock
1500,greek jazz
1501,greek metal
1502,greek pop
1503,greek psychedelic rock
1504,greek rock
1505,greek swing
1506,greek techno
1507,greek trap
1508,greenlandic pop
1509,grim death metal
1510,grime
1511,grimewave
1512,grindcore
1513,griot
1514,grisly death metal
1515,groove metal
1516,groove room
1517,grunge
1518,grunge pop
1519,grunge revival
1520,grungegaze
1521,guadalajara indie
1522,guatemalan pop
1523,guinean pop
1524,guitarra argentina
1525,guitarra clasica
1526,gulf hip hop
1527,guqin
1528,guyanese pop
1529,gymcore
1530,gypsy
1531,gypsy fusion
1532,gypsy jazz
1533,gypsy punk
1534,h8000
1535,haitian dance
1536,halftime dnb
1537,halifax indie
1538,hamburg electronic
1539,hamburg hip hop
1540,hamburg indie
1541,hamburger schule
1542,hamilton on indie
1543,hammond organ
1544,hands up
1545,hangpan
1546,happy hardcore
1547,hard alternative
1548,hard bass
1549,hard bop
1550,hard glam
1551,hard house
1552,hard minimal techno
1553,hard rock
1554,hard rock brasileiro
1555,hard stoner rock
1556,hard techno
1557,hard trance
1558,hardcore
1559,hardcore hip hop
1560,hardcore punk
1561,hardcore techno
1562,hardingfele
1563,hardstyle
1564,hardvapour
1565,harlem hip hop
1566,harmonica blues
1567,harmonica jazz
1568,harp
1569,harpsichord
1570,hauntology
1571,hawaiian hip hop
1572,hawaiian indie
1573,hawaiian punk
1574,healing
1575,heartland rock
1576,heavy gothic rock
1577,heavy psych
1578,hi-nrg
1579,hi-tech
1580,high-tech minimal
1581,highlife
1582,hindustani classical
1583,hindustani instrumental
1584,hinos ccb
1585,hip hop
1586,hip hop cubano
1587,hip hop galsen
1588,hip hop quebecois
1589,hip hop tuga
1590,hip house
1591,hip pop
1592,hip-hop experimental
1593,hiplife
1594,histoire pour enfants
1595,historical keyboard
1596,historically informed performance
1597,hoerspiel
1598,hollywood
1599,hong kong indie
1600,hopebeat
1601,horror punk
1602,horrorcore
1603,house
1604,house argentino
1605,houston indie
1606,houston rap
1607,humppa
1608,hungarian classical performance
1609,hungarian classical piano
1610,hungarian edm
1611,hungarian indie
1612,hungarian metal
1613,hungarian punk
1614,hungarian rock
1615,hungarian techno
1616,hurdy-gurdy
1617,huzunlu sarkilar
1618,hyperpop
1619,hyphy
1620,icelandic black metal
1621,icelandic classical
1622,icelandic electronic
1623,icelandic experimental
1624,icelandic folk
1625,icelandic hip hop
1626,icelandic indie
1627,icelandic jazz
1628,icelandic metal
1629,icelandic pop
1630,icelandic post-punk
1631,icelandic punk
1632,icelandic rock
1633,icelandic singer-songwriter
1634,idaho indie
1635,idol
1636,idol kayo
1637,idol rock
1638,illbient
1639,impressionism
1640,indian ambient
1641,indian classical
1642,indian edm
1643,indian folk
1644,indian fusion
1645,indian instrumental rock
1646,indian jazz
1647,indian lo-fi
1648,indian metal
1649,indian percussion
1650,indian rock
1651,indian techno
1652,indian violin
1653,indiana hip hop
1654,indiana indie
1655,indie anthem-folk
1656,indie boliviano
1657,indie catala
1658,indie curitibano
1659,indie dream pop
1660,indie electronica
1661,indie electropop
1662,indie emo
1663,indie emo rock
1664,indie folk
1665,indie folk argentino
1666,indie folk italiano
1667,indie fuzzpop
1668,indie game soundtrack
1669,indie garage rock
1670,indie hip hop
1671,indie jazz
1672,indie liguria
1673,indie pop
1674,indie pop rap
1675,indie pop rock
1676,indie poptimism
1677,indie psych-pop
1678,indie psychedelic rock
1679,indie punk
1680,indie quebecois
1681,indie queretano
1682,indie r&b
1683,indie rock
1684,indie rock italiano
1685,indie rock mexicano
1686,indie rockism
1687,indie salvadoreno
1688,indie shoegaze
1689,indie siciliano
1690,indie singer-songwriter
1691,indie soul
1692,indie surf
1693,indie tico
1694,indie triste
1695,indie veneto
1696,indiecoustica
1697,indietronica
1698,indonesian death metal
1699,indonesian deathcore
1700,indonesian emo
1701,indonesian hardcore
1702,indonesian hip hop
1703,indonesian indie
1704,indonesian indie pop
1705,indonesian indie rock
1706,indonesian jazz
1707,indonesian metal
1708,indonesian pop
1709,indonesian pop punk
1710,indonesian post-hardcore
1711,indonesian psychedelia
1712,indonesian punk
1713,indonesian reggae
1714,indonesian rock
1715,indorock
1716,industrial
1717,industrial black metal
1718,industrial hardcore
1719,industrial hip hop
1720,industrial metal
1721,industrial noise
1722,industrial rock
1723,industrial techno
1724,indy indie
1725,instrumental acoustic guitar
1726,instrumental black metal
1727,instrumental bluegrass
1728,instrumental death metal
1729,instrumental djent
1730,instrumental funk
1731,instrumental grime
1732,instrumental math rock
1733,instrumental post-rock
1734,instrumental progressive metal
1735,instrumental rock
1736,instrumental soul
1737,instrumental stoner rock
1738,instrumental surf
1739,intelligent dance music
1740,inuit pop
1741,iowa indie
1742,iranian experimental
1743,irish accordion
1744,irish banjo
1745,irish black metal
1746,irish country
1747,irish dance
1748,irish death metal
1749,irish electronic
1750,irish experimental
1751,irish experimental electronic
1752,irish folk
1753,irish hip hop
1754,irish indie
1755,irish indie rock
1756,irish metal
1757,irish modern jazz
1758,irish neo-traditional
1759,irish pop
1760,irish rock
1761,irish singer-songwriter
1762,irish techno
1763,isle of wight indie
1764,israeli classical piano
1765,israeli hip hop
1766,israeli indie
1767,israeli jazz
1768,israeli mediterranean
1769,israeli metal
1770,israeli pop
1771,israeli punk
1772,israeli rock
1773,israeli singer-songwriter
1774,israeli techno
1775,italian adult pop
1776,italian alternative
1777,italian baroque
1778,italian baroque ensemble
1779,italian black metal
1780,italian blues
1781,italian classical piano
1782,italian contemporary jazz
1783,italian death metal
1784,italian disco
1785,italian doom metal
1786,italian electronica
1787,italian emo
1788,italian experimental
1789,italian folk
1790,italian folk metal
1791,italian gothic
1792,italian gothic metal
1793,italian hardcore
1794,italian heavy metal
1795,italian hip hop
1796,italian indie pop
1797,italian industrial
1798,italian jazz
1799,italian lounge
1800,italian metal
1801,italian metalcore
1802,italian mezzo-soprano
1803,italian modern prog
1804,italian new wave
1805,italian occult psychedelia
1806,italian opera
1807,italian orchestra
1808,italian pop
1809,italian pop punk
1810,italian pop rock
1811,italian post punk
1812,italian post-hardcore
1813,italian post-rock
1814,italian power metal
1815,italian progressive metal
1816,italian progressive rock
1817,italian punk
1818,italian reggae
1819,italian rockabilly
1820,italian ska
1821,italian soundtrack
1822,italian stoner rock
1823,italian tech house
1824,italian techno
1825,italian tenor
1826,italian trance
1827,italian underground hip hop
1828,italo dance
1829,italo house
1830,italogaze
1831,j-ambient
1832,j-core
1833,j-indie
1834,j-metal
1835,j-pixie
1836,j-pop
1837,j-poprock
1838,j-punk
1839,j-rap
1840,j-reggae
1841,j-rock
1842,jacksonville indie
1843,jam band
1844,jamgrass
1845,jamtronica
1846,jangle pop
1847,japanese alternative pop
1848,japanese alternative rock
1849,japanese bedroom pop
1850,japanese chillhop
1851,japanese classical performance
1852,japanese dance pop
1853,japanese death metal
1854,japanese electronic
1855,japanese emo
1856,japanese experimental
1857,japanese garage rock
1858,japanese girl punk
1859,japanese idm
1860,japanese indie pop
1861,japanese indie rock
1862,japanese jazz
1863,japanese jazz fusion
1864,japanese jazztronica
1865,japanese math rock
1866,japanese melodic punk
1867,japanese metalcore
1868,japanese new wave
1869,japanese old school hip hop
1870,japanese pop punk
1871,japanese post-punk
1872,japanese post-rock
1873,japanese power metal
1874,japanese prog
1875,japanese psychedelic
1876,japanese psychedelic rock
1877,japanese punk rock
1878,japanese r&b
1879,japanese rockabilly
1880,japanese shoegaze
1881,japanese ska
1882,japanese soul
1883,japanese techno
1884,japanese vgm
1885,japanoise
1886,jaw harp
1887,jawaiian
1888,jazz
1889,jazz accordion
1890,jazz blues
1891,jazz boom bap
1892,jazz brass
1893,jazz caraibes
1894,jazz catala
1895,jazz chileno
1896,jazz clarinet
1897,jazz colombiano
1898,jazz composition
1899,jazz cover
1900,jazz cubano
1901,jazz dominicano
1902,jazz double bass
1903,jazz drums
1904,jazz funk
1905,jazz fusion
1906,jazz guitar
1907,jazz harp
1908,jazz house
1909,jazz metal
1910,jazz orchestra
1911,jazz organ
1912,jazz piano
1913,jazz pop
1914,jazz puertorriqueno
1915,jazz quartet
1916,jazz rap
1917,jazz rock
1918,jazz saxophone
1919,jazz trio
1920,jazz trombone
1921,jazz trumpet
1922,jazz venezolano
1923,jazz vibraphone
1924,jazz violin
1925,jazzcore
1926,jazztronica
1927,jazzy dnb
1928,jewish hip hop
1929,jig and reel
1930,jordanian pop
1931,jovem guarda
1932,jugendchor
1933,jump blues
1934,jump up
1935,jumpstyle
1936,jungle
1937,k-indie
1938,k-pop
1939,k-pop boy group
1940,k-pop girl group
1941,k-rap
1942,kabarett
1943,kabyle
1944,kansai indie
1945,kansas city hip hop
1946,kansas indie
1947,karadeniz pop
1948,karadeniz turkuleri
1949,karneval
1950,kashmiri pop
1951,kavkaz
1952,kawaii metal
1953,kayokyoku
1954,kc indie
1955,kelowna bc indie
1956,kent indie
1957,kentucky hip hop
1958,kentucky metal
1959,kentucky punk
1960,kentucky roots
1961,kenyan alternative
1962,kenyan hip hop
1963,kenyan pop
1964,keroncong
1965,kindermusik
1966,kingston on indie
1967,kirtan
1968,kiwi rock
1969,kizomba
1970,kizomba antigas
1971,kleine hoerspiel
1972,kleinkunst
1973,klezmer
1974,knoxville indie
1975,kolsche karneval
1976,kompa
1977,kora
1978,korean city pop
1979,korean classical performance
1980,korean classical piano
1981,korean dream pop
1982,korean experimental
1983,korean hardcore
1984,korean indie rock
1985,korean jazz
1986,korean metal
1987,korean old school hip hop
1988,korean pop
1989,korean r&b
1990,korean superband
1991,kosovan pop
1992,krautrock
1993,kritika
1994,kuduro
1995,kuduro antigo
1996,kundalini
1997,kurdish folk
1998,kurdish hip hop
1999,kurdish pop
2000,kwaito
2001,la indie
2002,la pop
2003,laboratorio
2004,lafayette indie
2005,lagu iban
2006,laiko
2007,lancashire indie
2008,lancaster pa indie
2009,landler
2010,latin
2011,latin afrobeat
2012,latin alternative
2013,latin american classical piano
2014,latin american heavy psych
2015,latin arena pop
2016,latin christian
2017,latin classical
2018,latin hip hop
2019,latin house
2020,latin jazz
2021,latin metal
2022,latin pop
2023,latin rock
2024,latin shoegaze
2025,latin ska
2026,latin tech house
2027,latin viral pop
2028,latin worship
2029,latincore
2030,latintronica
2031,latinx alternative
2032,latvian electronic
2033,latvian folk
2034,latvian indie
2035,latvian metal
2036,latvian pop
2037,latvian rock
2038,lawrence ks indie
2039,lebanese indie
2040,lebanese pop
2041,leeds indie
2042,leicester indie
2043,leipzig electronic
2044,leipzig indie
2045,lesen
2046,lexington ky indie
2047,lgbtq+ hip hop
2048,library music
2049,liechtenstein
2050,liedermacher
2051,lilith
2052,limerick indie
2053,lincoln ne indie
2054,liquid funk
2055,lithuanian edm
2056,lithuanian electronic
2057,lithuanian hip hop
2058,lithuanian indie
2059,lithuanian metal
2060,lithuanian pop
2061,little rock indie
2062,liverpool indie
2063,livetronica
2064,lo star
2065,lo-fi
2066,lo-fi beats
2067,lo-fi chill
2068,lo-fi emo
2069,lo-fi house
2070,lo-fi indie
2071,lo-fi jazzhop
2072,lo-fi product
2073,london indie
2074,london rap
2075,long island punk
2076,louisiana blues
2077,louisiana metal
2078,louisville indie
2079,louisville underground
2080,lounge
2081,lounge house
2082,louvor
2083,lovecraftian metal
2084,lovers rock
2085,lowercase
2086,lowlands hardcore
2087,lund indie
2088,lute
2089,luxembourgian electronic
2090,luxembourgian indie
2091,luxembourgian metal
2092,macedonian folk
2093,macedonian indie
2094,madchester
2095,madrigal
2096,magyar alternative
2097,maine hip hop
2098,maine indie
2099,makossa
2100,malagasy folk
2101,malawian folk
2102,malaysian indie
2103,malaysian pop
2104,maldivian pop
2105,malian blues
2106,mallet
2107,malmo indie
2108,maloya
2109,maltese metal
2110,maltese pop
2111,manchester hip hop
2112,manchester indie
2113,mande pop
2114,mandible
2115,mandolin
2116,mandopop
2117,manele
2118,manguebeat
2119,manitoba indie
2120,marching band
2121,mariachi
2122,martial industrial
2123,mashup
2124,math pop
2125,math rock
2126,mathcore
2127,mathgrind
2128,mbalax
2129,mbira
2130,medieval ensemble
2131,medieval folk
2132,medieval rock
2133,meditation
2134,medway sound
2135,melancholia
2136,melanesian pop
2137,melbourne bounce
2138,melbourne bounce international
2139,melbourne indie
2140,mellow gold
2141,melodic black metal
2142,melodic death metal
2143,melodic deathcore
2144,melodic doom
2145,melodic dubstep
2146,melodic groove metal
2147,melodic hard rock
2148,melodic hardcore
2149,melodic metal
2150,melodic metalcore
2151,melodic power metal
2152,melodic progressive metal
2153,melodic rap
2154,melodic techno
2155,melodic thrash
2156,melodipop
2157,meme rap
2158,memphis americana
2159,memphis blues
2160,memphis hip hop
2161,memphis indie
2162,memphis soul
2163,merengue tipico
2164,merseybeat
2165,messianic praise
2166,mestissatge
2167,metal
2168,metal baiano
2169,metal catala
2170,metal colombiano
2171,metal cristao
2172,metal gaucho
2173,metal gotico
2174,metal guitar
2175,metal mineiro
2176,metal noir quebecois
2177,metalcore
2178,metalcore espanol
2179,metallic hardcore
2180,metropopolis
2181,mexican classic rock
2182,mexican death metal
2183,mexican edm
2184,mexican electronic
2185,mexican experimental
2186,mexican hardcore
2187,mexican hip hop
2188,mexican indie
2189,mexican metal
2190,mexican pop
2191,mexican pop punk
2192,mexican rock
2193,mexican rock-and-roll
2194,mexican son
2195,mexican techno
2196,mgp
2197,mgpjr
2198,miami bass
2199,miami hip hop
2200,miami indie
2201,miami metal
2202,michigan folk
2203,michigan indie
2204,microhouse
2205,microtonal
2206,middle earth
2207,middle east hip hop
2208,midwest americana
2209,midwest emo
2210,milan indie
2211,military band
2212,milwaukee hip hop
2213,milwaukee indie
2214,min'yo
2215,minimal dnb
2216,minimal dub
2217,minimal dubstep
2218,minimal melodic techno
2219,minimal synth
2220,minimal tech house
2221,minimal techno
2222,minimal wave
2223,minimalism
2224,minneapolis indie
2225,minneapolis metal
2226,minneapolis punk
2227,minneapolis sound
2228,minnesota hip hop
2229,mississippi hip hop
2230,mississippi indie
2231,missouri indie
2232,mod revival
2233,modern alternative pop
2234,modern alternative rock
2235,modern big band
2236,modern blues
2237,modern blues rock
2238,modern bollywood
2239,modern cello
2240,modern chamber music
2241,modern country rock
2242,modern dream pop
2243,modern electroacoustic
2244,modern folk rock
2245,modern free jazz
2246,modern funk
2247,modern hard rock
2248,modern indie pop
2249,modern jangle pop
2250,modern jazz piano
2251,modern jazz trio
2252,modern mod
2253,modern old-time
2254,modern performance
2255,modern power pop
2256,modern progressive rock
2257,modern psychedelic folk
2258,modern reggae
2259,modern rock
2260,modern salsa
2261,modern ska punk
2262,modern southern rock
2263,modern string quartet
2264,modern swing
2265,moderne ludovky
2266,modular synth
2267,modular techno
2268,molam
2269,moldovan pop
2270,mongolian folk
2271,mongolian pop
2272,montana roots
2273,montenegrin pop
2274,montreal indie
2275,moombahton
2276,moorish traditional
2277,morna
2278,moroccan pop
2279,motown
2280,movie tunes
2281,mpb
2282,multidisciplinary
2283,mundart
2284,munich electronic
2285,munich indie
2286,musica afroperuana
2287,musica andina
2288,musica andorra
2289,musica angolana
2290,musica aragonesa
2291,musica baiana
2292,musica cabo-verdiana
2293,musica capixaba
2294,musica catalana
2295,musica costarricense
2296,musica criolla
2297,musica etnica
2298,musica indigena latinoamericana
2299,musica infantil
2300,musica juiz-forana
2301,musica lombarda
2302,musica maranhense
2303,musica mato-grossense
2304,musica menorquina
2305,musica occitana
2306,musica para criancas
2307,musica para ninos
2308,musica per bambini
2309,musica popular colombiana
2310,musica popular mineira
2311,musica portuguesa contemporanea
2312,musica sergipana
2313,musica timor-leste
2314,musica tradicional cubana
2315,musica tradicional dominicana
2316,musica triste brasileira
2317,musique acadienne
2318,musique ancienne
2319,musique concrete
2320,musique guadeloupe
2321,musique mandingue
2322,musique mauritanienne
2323,musique pour enfants
2324,musique touareg
2325,musique traditionnelle congolaise
2326,nantes indie
2327,narodna muzika
2328,nashville americana
2329,nashville indie
2330,nashville singer-songwriter
2331,nashville sound
2332,native american
2333,native american contemporary
2334,native american hip hop
2335,necrogrind
2336,nederlandse hardstyle
2337,nederpop
2338,neo classical metal
2339,neo honky tonk
2340,neo kyma
2341,neo mellow
2342,neo metal
2343,neo r&b
2344,neo soul
2345,neo-classical
2346,neo-crust
2347,neo-industrial rock
2348,neo-kraut
2349,neo-progressive
2350,neo-proto
2351,neo-psicodelia brasileira
2352,neo-psychedelic
2353,neo-rockabilly
2354,neo-singer-songwriter
2355,neo-synthpop
2356,neo-trad doom metal
2357,neo-trad metal
2358,neo-traditional bluegrass
2359,neo-traditional country
2360,neoclassical darkwave
2361,neofolk
2362,neomelodici
2363,neon pop punk
2364,neotango
2365,nepali indie
2366,neue deutsche harte
2367,neue deutsche todeskunst
2368,neue deutsche welle
2369,neue volksmusik
2370,neurofunk
2371,neurostep
2372,new age
2373,new age piano
2374,new americana
2375,new beat
2376,new brunswick indie
2377,new comedy
2378,new england americana
2379,new england emo
2380,new england experimental
2381,new england metal
2382,new french touch
2383,new hampshire indie
2384,new isolationism
2385,new jack swing
2386,new jersey hardcore
2387,new jersey indie
2388,new jersey punk
2389,new jersey rap
2390,new orleans americana
2391,new orleans blues
2392,new orleans funk
2393,new orleans indie
2394,new orleans jazz
2395,new rave
2396,new romantic
2397,new tribe
2398,new wave
2399,new wave of glam metal
2400,new wave of osdm
2401,new wave of speed metal
2402,new wave of thrash metal
2403,new wave pop
2404,new weird america
2405,new weird finland
2406,new york death metal
2407,newcastle indie
2408,newcastle nsw indie
2409,newfoundland indie
2410,ngoni
2411,nice indie
2412,nigerian hip hop
2413,nigerian pop
2414,night drive phonk
2415,nightrun
2416,ninja
2417,nintendocore
2418,nitzhonot
2419,nl folk
2420,no wave
2421,noise
2422,noise pop
2423,noise punk
2424,noise rock
2425,noisecore
2426,nordic ambient
2427,nordic classical piano
2428,nordic contemporary classical
2429,nordic folk
2430,nordic folk metal
2431,nordic orchestra
2432,nordic post-rock
2433,nordic shoegaze
2434,nordic soundtrack
2435,nordnorsk musikk
2436,nordnorsk ponk
2437,normal indie
2438,norrbotten indie
2439,norrlandsk hip hop
2440,norsk lovsang
2441,norske viser
2442,north carolina emo
2443,north carolina hip hop
2444,north carolina indie
2445,north carolina metal
2446,north carolina roots
2447,north dakota indie
2448,north east england indie
2449,northamptonshire indie
2450,northern irish indie
2451,northern irish punk
2452,norwegian alternative rock
2453,norwegian americana
2454,norwegian black metal
2455,norwegian blues
2456,norwegian contemporary jazz
2457,norwegian country
2458,norwegian death metal
2459,norwegian doom metal
2460,norwegian experimental
2461,norwegian folk rock
2462,norwegian gospel
2463,norwegian hardcore
2464,norwegian house
2465,norwegian indie
2466,norwegian jazz
2467,norwegian metal
2468,norwegian pop
2469,norwegian pop rap
2470,norwegian prog
2471,norwegian psychedelic
2472,norwegian punk
2473,norwegian punk rock
2474,norwegian rock
2475,norwegian singer-songwriter
2476,norwegian space disco
2477,norwegian techno
2478,norwegian trap
2479,nottingham indie
2480,nouvelle chanson francaise
2481,nova mpb
2482,nova musica paulista
2483,nova musica pernambucana
2484,nu age
2485,nu disco
2486,nu gaze
2487,nu jazz
2488,nu metal
2489,nu skool breaks
2490,nu-cumbia
2491,nu-metalcore
2492,nubian traditional
2493,nueva cancion
2494,nuevo flamenco
2495,nuevo folklore argentino
2496,nuevo folklore mexicano
2497,nuevo tango
2498,nursery
2499,nwobhm
2500,nwocr
2501,nwothm
2502,ny roots
2503,nyc metal
2504,nyc pop
2505,nyc rap
2506,nyhc
2507,nz christian
2508,nz dnb
2509,nz electronic
2510,nz folk
2511,nz hardcore
2512,nz hip hop
2513,nz indie
2514,nz metal
2515,nz pop
2516,nz punk
2517,nz reggae
2518,nz singer-songwriter
2519,oakland hip hop
2520,oakland indie
2521,oaxaca indie
2522,oc indie
2523,oc rap
2524,occult black metal
2525,oceania soundtrack
2526,ohio hip hop
2527,oi
2528,ok indie
2529,okc indie
2530,okinawan pop
2531,oklahoma country
2532,oktoberfest
2533,old school dancehall
2534,old school hard trance
2535,old school hip hop
2536,old school nederhop
2537,old school rap francais
2538,old school thrash
2539,old school uk hip hop
2540,old west
2541,old-time
2542,oldschool deutschrap
2543,olympia wa indie
2544,omaha indie
2545,one-person band
2546,ontario indie
2547,opera
2548,opera metal
2549,operatic pop
2550,opm
2551,orchestra
2552,orchestral performance
2553,orebro indie
2554,organic electronic
2555,organic house
2556,orgcore
2557,oriental classical
2558,oriental metal
2559,orlando indie
2560,oromo pop
2561,orthodox chant
2562,oshare kei
2563,oslo indie
2564,ostrock
2565,otacore
2566,oth indie
2567,ottawa indie
2568,ottawa rap
2569,oud
2570,oulu indie
2571,oulu metal
2572,outer hip hop
2573,outlaw country
2574,outsider
2575,outsider house
2576,oxford indie
2577,p funk
2578,pacific islands pop
2579,pagan black metal
2580,pagode
2581,pagode baiano
2582,pagode novo
2583,paisley underground
2584,pakistani indie
2585,pakistani pop
2586,pakistani rock
2587,palestinian pop
2588,palm desert scene
2589,paracana
2590,parody
2591,partido alto
2592,partyschlager
2593,pei indie
2594,pennsylvania hardcore
2595,permanent wave
2596,perreo
2597,persian alternative
2598,persian electronic
2599,persian hip hop
2600,persian neo-traditional
2601,persian pop
2602,persian rock
2603,persian traditional
2604,perth indie
2605,peruvian indie
2606,philly drill
2607,philly indie
2608,philly rap
2609,philly soul
2610,phonk
2611,piano blues
2612,piano cover
2613,piano mpb
2614,piano rock
2615,piedmont blues
2616,pinoy metal
2617,pinoy rock
2618,pipa
2619,pirate
2620,pittsburgh metal
2621,pittsburgh rap
2622,pittsburgh rock
2623,pixie
2624,plugg
2625,plunderphonics
2626,polish alternative
2627,polish alternative rap
2628,polish alternative rock
2629,polish ambient
2630,polish black metal
2631,polish classical piano
2632,polish death metal
2633,polish electronica
2634,polish experimental electronic
2635,polish folk
2636,polish hardcore
2637,polish hip hop
2638,polish indie
2639,polish indie rock
2640,polish jazz
2641,polish metal
2642,polish modern jazz
2643,polish noise rock
2644,polish pop
2645,polish post-punk
2646,polish post-rock
2647,polish prog
2648,polish psychedelia
2649,polish punk
2650,polish reggae
2651,polish rock
2652,polish synthpop
2653,polish techno
2654,polish thrash metal
2655,polish trap
2656,political hip hop
2657,polyphonies corses
2658,polyphony
2659,pony
2660,pop
2661,pop ambient
2662,pop argentino
2663,pop chileno
2664,pop costarricense
2665,pop dance
2666,pop edm
2667,pop electronico
2668,pop emo
2669,pop flamenco
2670,pop folk
2671,pop house
2672,pop lgbtq+ brasileira
2673,pop nacional
2674,pop punk
2675,pop quebecois
2676,pop r&b
2677,pop rap
2678,pop rock
2679,pop rock brasileiro
2680,pop romantico
2681,pop soul
2682,pop urbaine
2683,pop violin
2684,pop virale italiano
2685,popgaze
2686,popping
2687,popwave
2688,pornogrind
2689,portland hip hop
2690,portland indie
2691,portland metal
2692,portland punk
2693,portsmouth indie
2694,portuguese black metal
2695,portuguese death metal
2696,portuguese experimental
2697,portuguese folk
2698,portuguese indie
2699,portuguese indie rock
2700,portuguese jazz
2701,portuguese metal
2702,portuguese pop
2703,portuguese post-rock
2704,portuguese rock
2705,portuguese techno
2706,post-black metal
2707,post-disco
2708,post-doom metal
2709,post-grunge
2710,post-hardcore
2711,post-metal
2712,post-minimalism
2713,post-post-hardcore
2714,post-punk
2715,post-punk argentina
2716,post-punk mexicano
2717,post-rock
2718,post-romantic era
2719,post-screamo
2720,post-teen pop
2721,power blues-rock
2722,power electronics
2723,power metal
2724,power noise
2725,power pop
2726,power thrash
2727,power-pop punk
2728,powerviolence
2729,prank
2730,prepared piano
2731,preschool children's music
2732,prog metal
2733,progressive alternative
2734,progressive black metal
2735,progressive bluegrass
2736,progressive death metal
2737,progressive deathcore
2738,progressive doom
2739,progressive electro house
2740,progressive groove metal
2741,progressive house
2742,progressive jazz fusion
2743,progressive metal
2744,progressive metalcore
2745,progressive post-hardcore
2746,progressive power metal
2747,progressive psytrance
2748,progressive rock
2749,progressive sludge
2750,progressive technical death metal
2751,progressive thrash
2752,progressive trance
2753,progressive trance house
2754,progressive uplifting trance
2755,proto-rap
2756,proto-techno
2757,protopunk
2758,psicodelia brasileira
2759,psicodelia mexicana
2760,psybass
2761,psych gaze
2762,psychedelic blues-rock
2763,psychedelic doom
2764,psychedelic folk
2765,psychedelic folk rock
2766,psychedelic hip hop
2767,psychedelic jazz fusion
2768,psychedelic pop
2769,psychedelic punk
2770,psychedelic rock
2771,psychedelic soul
2772,psychedelic space rock
2773,psychedelic trance
2774,psychill
2775,psychobilly
2776,psychokore
2777,psydub
2778,psytech
2779,pub rock
2780,puerto rican folk
2781,puerto rican indie
2782,puerto rican pop
2783,puerto rican rock
2784,puglia indie
2785,punjabi pop
2786,punk
2787,punk 'n' roll
2788,punk blues
2789,punk chileno
2790,punk colombiano
2791,punk mexicano
2792,punk rock italiano
2793,punk ska
2794,punk tuga
2795,punk urbano
2796,purple sound
2797,quartetto d'archi
2798,quatuor a cordes
2799,quebec death metal
2800,quebec indie
2801,quebec punk
2802,queens hip hop
2803,queer country
2804,queercore
2805,quiet storm
2806,r&b
2807,r&b brasileiro
2808,r&b italiano
2809,raga rock
2810,ragga jungle
2811,raggatek
2812,ragtime
2813,rai
2814,rain
2815,rajasthani folk
2816,ranchera
2817,rap
2818,rap algerien
2819,rap antillais
2820,rap baiano
2821,rap belge
2822,rap calme
2823,rap canario
2824,rap capixaba
2825,rap chileno
2826,rap conciencia
2827,rap conscient
2828,rap cristiano
2829,rap dominicano
2830,rap espanol
2831,rap euskera
2832,rap feminino nacional
2833,rap francais
2834,rap inde
2835,rap ivoire
2836,rap kreyol
2837,rap latina
2838,rap lyonnais
2839,rap malien
2840,rap maroc
2841,rap marseille
2842,rap metal
2843,rap metalcore
2844,rap mineiro
2845,rap montrealais
2846,rap nacional antigo
2847,rap napoletano
2848,rap regio
2849,rap rock
2850,rap salvadoreno
2851,rap sardegna
2852,rap tico
2853,rap tunisien
2854,rap underground espanol
2855,rare groove
2856,rave
2857,rave funk
2858,raw black metal
2859,raw techno
2860,rawstyle
2861,re:techno
2862,reading
2863,reading indie
2864,rebel blues
2865,rebetiko
2866,recorder
2867,red dirt
2868,redneck
2869,reggae
2870,reggae en espanol
2871,reggae fusion
2872,reggae maghreb
2873,reggae rock
2874,reggae tuga
2875,reggaeton
2876,reggaeton colombiano
2877,reggaeton cristiano
2878,reggaeton flow
2879,regional mexican
2880,relaxative
2881,rennes indie
2882,retro metal
2883,retro soul
2884,reunion pop
2885,rhode island indie
2886,rhode island rap
2887,rhythm game
2888,riddim
2889,riddim dubstep
2890,riot grrrl
2891,ritual ambient
2892,rkt
2893,rochester ny indie
2894,rock
2895,rock abc paulista
2896,rock alternatif francais
2897,rock alternativo brasileiro
2898,rock alternativo espanol
2899,rock campineiro
2900,rock catala
2901,rock chapin
2902,rock cristiano
2903,rock curitibano
2904,rock drums
2905,rock en espanol
2906,rock goiano
2907,rock gospel brasileiro
2908,rock gotico
2909,rock in opposition
2910,rock independant francais
2911,rock kapak
2912,rock keyboard
2913,rock nacional
2914,rock nacional brasileiro
2915,rock noise
2916,rock of gibraltar
2917,rock progresivo mexicano
2918,rock progressif francais
2919,rock quebecois
2920,rock sergipano
2921,rock steady
2922,rock urbano mexicano
2923,rock uruguayo
2924,rock viet
2925,rock-and-roll
2926,rockabilly
2927,rogaland indie
2928,rogaland musikk
2929,romanian black metal
2930,romanian classical piano
2931,romanian electronic
2932,romanian metal
2933,romanian pop
2934,romanian rap
2935,romanian rock
2936,romanian trap
2937,romantico
2938,rome indie
2939,rominimal
2940,roots americana
2941,roots reggae
2942,roots rock
2943,roots worship
2944,rotterdam indie
2945,rumba
2946,rumba catalana
2947,rumba congolaise
2948,rune folk
2949,russian alt pop
2950,russian alternative rock
2951,russian black metal
2952,russian ccm
2953,russian chanson
2954,russian classical piano
2955,russian dance pop
2956,russian death metal
2957,russian dnb
2958,russian edm
2959,russian electronic
2960,russian emo rap
2961,russian experimental electronic
2962,russian folk
2963,russian folk metal
2964,russian folk rock
2965,russian gangster rap
2966,russian hardcore
2967,russian hip hop
2968,russian indie
2969,russian jazz
2970,russian metal
2971,russian metalcore
2972,russian modern jazz
2973,russian nu metal
2974,russian orchestra
2975,russian pop
2976,russian post-punk
2977,russian post-rock
2978,russian punk
2979,russian punk rock
2980,russian rave
2981,russian rock
2982,russian ska
2983,russian synthpop
2984,russian techno
2985,russian thrash metal
2986,russian trap
2987,rva indie
2988,sacramento hip hop
2989,sacramento indie
2990,sacred steel
2991,sad lo-fi
2992,sad rap
2993,salon music
2994,salsa
2995,salsa choke
2996,salsa colombiana
2997,salsa cubana
2998,salsa international
2999,salsa peruana
3000,salsa puertorriquena
3001,salsa venezolana
3002,salzburg indie
3003,samba
3004,samba de roda
3005,samba moderno
3006,samba reggae
3007,samba-jazz
3008,samba-rock
3009,sambass
3010,san antonio indie
3011,san diego indie
3012,san marcos tx indie
3013,sardinia indie
3014,saskatchewan indie
3015,sasscore
3016,saxony metal
3017,saxophone trio
3018,scandinavian r&b
3019,scandipop
3020,schlager
3021,schranz
3022,schweizer rap
3023,sci-fi metal
3024,scorecore
3025,scottish americana
3026,scottish electronic
3027,scottish fiddle
3028,scottish folk
3029,scottish gaelic folk
3030,scottish hip hop
3031,scottish indie
3032,scottish indie folk
3033,scottish indie rock
3034,scottish jazz
3035,scottish metal
3036,scottish new wave
3037,scottish rock
3038,scottish singer-songwriter
3039,scottish techno
3040,scratch
3041,scream rap
3042,screamo
3043,screamocore
3044,seattle hip hop
3045,seattle indie
3046,seattle metal
3047,second line
3048,sefardi
3049,sega
3050,serbian alternative rock
3051,serbian electronic
3052,serbian hip hop
3053,serbian indie
3054,serbian metal
3055,serialism
3056,sertanejo
3057,sertanejo pop
3058,sertanejo universitario
3059,sevdah
3060,shamanic
3061,shanghai indie
3062,shanty
3063,sheffield indie
3064,shibuya-kei
3065,shimmer pop
3066,shimmer psych
3067,shiver pop
3068,shoegaze
3069,show tunes
3070,shred
3071,siberian folk
3072,singaporean electronic
3073,singaporean metal
3074,singaporean punk
3075,singer-songwriter
3076,singing bowl
3077,sinhala pop
3078,sinhala rap
3079,sitar
3080,ska
3081,ska argentino
3082,ska chileno
3083,ska espanol
3084,ska jazz
3085,ska mexicano
3086,ska punk
3087,ska revival
3088,skate punk
3089,skiffle
3090,skinhead oi
3091,skramz
3092,sky room
3093,slam death metal
3094,slam poetry
3095,slamming deathcore
3096,slap house
3097,slavic folk metal
3098,slavic metal
3099,slayer
3100,slc indie
3101,sleaze rock
3102,sleep
3103,slovak electronic
3104,slovak folk
3105,slovak hip hop
3106,slovak metal
3107,slovak pop
3108,slovenian electronic
3109,slovenian hip hop
3110,slovenian indie
3111,slovenian metal
3112,slovenian pop
3113,slovenian rock
3114,slowcore
3115,sludge metal
3116,sludgecore
3117,small room
3118,smooth jazz
3119,smooth saxophone
3120,smooth soul
3121,smutny rap
3122,soca
3123,socal pop punk
3124,social media pop
3125,soda pop
3126,soft rock
3127,solo wave
3128,son cubano
3129,son cubano clasico
3130,son jarocho
3131,sophisti-pop
3132,soukous
3133,soul
3134,soul blues
3135,soul flow
3136,soul jazz
3137,souldies
3138,soulful house
3139,sound art
3140,sound collage
3141,sound effects
3142,soundtrack
3143,south african alternative
3144,south african choral
3145,south african gospel
3146,south african hip hop
3147,south african house
3148,south african jazz
3149,south african metal
3150,south african modern jazz
3151,south african pop
3152,south african pop dance
3153,south african punk
3154,south african r&b
3155,south african rock
3156,south african trap
3157,south asian metal
3158,south carolina hip hop
3159,south carolina indie
3160,south carolina metal
3161,south dakota indie
3162,southampton indie
3163,southern americana
3164,southern china indie
3165,southern hip hop
3166,southern metal
3167,southern rock
3168,southern soul
3169,southern soul blues
3170,soviet synthpop
3171,sovietwave
3172,space rock
3173,spacewave
3174,spanish black metal
3175,spanish blues
3176,spanish death metal
3177,spanish electronic
3178,spanish experimental
3179,spanish folk
3180,spanish folk metal
3181,spanish hip hop
3182,spanish indie folk
3183,spanish indie pop
3184,spanish indie rock
3185,spanish invasion
3186,spanish jazz
3187,spanish metal
3188,spanish modern rock
3189,spanish new wave
3190,spanish pop
3191,spanish pop rock
3192,spanish post-rock
3193,spanish progressive rock
3194,spanish punk
3195,spanish reggae
3196,spanish rock
3197,spanish rockabilly
3198,spanish synthpop
3199,spanish techno
3200,speed garage
3201,speed metal
3202,speedcore
3203,speedrun
3204,spiritual hip hop
3205,spiritual jazz
3206,spirituals
3207,spoken word
3208,springfield mo indie
3209,st louis rap
3210,st petersburg fl indie
3211,stateside dnb
3212,steampunk
3213,steel guitar
3214,steelpan
3215,stl indie
3216,stockholm indie
3217,stomp and flutter
3218,stomp and holler
3219,stomp and whittle
3220,stomp pop
3221,stoner metal
3222,stoner rock
3223,straight edge
3224,straight-ahead jazz
3225,street band
3226,street punk
3227,street punk espanol
3228,streichquartett
3229,stride
3230,string orchestra
3231,string quartet
3232,strut
3233,stuttgart indie
3234,substep
3235,sudanese pop
3236,sufi
3237,sung poetry
3238,sunnlensk tonlist
3239,sunshine pop
3240,suomi rock
3241,suomirap
3242,super eurobeat
3243,supergroup
3244,surf music
3245,surf punk
3246,svensk indie
3247,swamp blues
3248,swamp rock
3249,swancore
3250,swansea indie
3251,swedish alternative rock
3252,swedish americana
3253,swedish black metal
3254,swedish blues
3255,swedish country
3256,swedish dancehall
3257,swedish death metal
3258,swedish doom metal
3259,swedish drill
3260,swedish electronic
3261,swedish electropop
3262,swedish emo
3263,swedish eurodance
3264,swedish experimental
3265,swedish folk pop
3266,swedish gangsta rap
3267,swedish garage rock
3268,swedish grindcore
3269,swedish hard rock
3270,swedish hardcore
3271,swedish heavy metal
3272,swedish hip hop
3273,swedish house
3274,swedish idol pop
3275,swedish indie folk
3276,swedish indie pop
3277,swedish indie rock
3278,swedish jazz
3279,swedish melodeath
3280,swedish melodic rock
3281,swedish metal
3282,swedish metalcore
3283,swedish pop
3284,swedish pop punk
3285,swedish pop rap
3286,swedish post-hardcore
3287,swedish post-punk
3288,swedish power metal
3289,swedish prog
3290,swedish progressive metal
3291,swedish psychedelic rock
3292,swedish punk
3293,swedish reggae
3294,swedish rockabilly
3295,swedish singer-songwriter
3296,swedish soul
3297,swedish stoner rock
3298,swedish synth
3299,swedish synthpop
3300,swedish techno
3301,swedish trap
3302,swedish trap pop
3303,swedish tropical house
3304,swedish underground rap
3305,swing
3306,swing italiano
3307,swing revival
3308,swiss alternative rock
3309,swiss black metal
3310,swiss classical piano
3311,swiss country
3312,swiss experimental
3313,swiss folk
3314,swiss hip hop
3315,swiss house
3316,swiss indie
3317,swiss indie folk
3318,swiss jazz
3319,swiss metal
3320,swiss pop
3321,swiss punk
3322,swiss reggae
3323,swiss rock
3324,swiss singer-songwriter
3325,swiss techno
3326,swiss trap
3327,swiss worship
3328,sydney indie
3329,symfonicky orchestr
3330,symphonic black metal
3331,symphonic death metal
3332,symphonic deathcore
3333,symphonic melodic death metal
3334,symphonic metal
3335,symphonic power metal
3336,symphonic rock
3337,synth funk
3338,synth punk
3339,synthesizer
3340,synthetic classical
3341,synthpop
3342,synthwave
3343,syrian pop
3344,tabla
3345,taiko
3346,taiwan classical performance
3347,taiwan experimental
3348,taiwan hip hop
3349,taiwan indie
3350,taiwan instrumental
3351,talent show
3352,talentkonkurranse
3353,tamaulipas indie
3354,tamil hip hop
3355,tamil pop
3356,tango
3357,tango cancion
3358,tape club
3359,tar
3360,tarantella
3361,tatar folk
3362,tavern
3363,tech house
3364,tech trance
3365,technical black metal
3366,technical brutal death metal
3367,technical death metal
3368,technical deathcore
3369,technical grindcore
3370,technical groove metal
3371,technical melodic death metal
3372,technical thrash
3373,techno
3374,techno argentina
3375,techno rave
3376,teen pop
3377,tejano
3378,tekk
3379,tekno
3380,tempe indie
3381,tennessee experimental
3382,tennessee hip hop
3383,tennessee metal
3384,tex-mex
3385,texas blues
3386,texas country
3387,texas hardcore
3388,texas latin rap
3389,texas metal
3390,texas pop punk
3391,texas punk
3392,thai folk
3393,thai hip hop
3394,thai pop
3395,thai psychedelic
3396,thai rock
3397,thai teen pop
3398,thall
3399,theme
3400,theremin
3401,thrash core
3402,thrash metal
3403,thrash-groove metal
3404,throat singing
3405,tibetan mantra
3406,tibetan pop
3407,tibetan traditional
3408,tijuana electronic
3409,tijuana indie
3410,timba
3411,togolese pop
3412,tolkien metal
3413,tone
3414,toronto indie
3415,toronto rap
3416,trad quebecois
3417,traditional blues
3418,traditional british folk
3419,traditional english folk
3420,traditional funk
3421,traditional reggae
3422,traditional scottish folk
3423,traditional ska
3424,trance
3425,trance brasileiro
3426,trance mexicano
3427,trancecore
3428,transpop
3429,trap
3430,trap antillais
3431,trap boricua
3432,trap brasileiro
3433,trap dominicano
3434,trap funk
3435,trap italiana
3436,trap latino
3437,trap mexicano
3438,trap pesado
3439,trap queen
3440,trap soul
3441,trap triste
3442,traprun
3443,trash rock
3444,triangle indie
3445,tribal house
3446,tribute
3447,trinidadian reggae
3448,trip hop
3449,trondersk musikk
3450,trondheim indie
3451,tropical
3452,tropical alternativo
3453,tropical house
3454,tropicalia
3455,trova
3456,truck-driving country
3457,tuareg guitar
3458,tucson indie
3459,tulsa indie
3460,tunisian pop
3461,turbo folk
3462,turin indie
3463,turkish alt pop
3464,turkish alternative rock
3465,turkish black metal
3466,turkish death metal
3467,turkish edm
3468,turkish electronic
3469,turkish experimental
3470,turkish folk
3471,turkish hip hop
3472,turkish instrumental
3473,turkish jazz
3474,turkish metal
3475,turkish modern jazz
3476,turkish pop
3477,turkish post-punk
3478,turkish psych
3479,turkish reggae
3480,turkish rock
3481,turkish singer-songwriter
3482,turkish trap
3483,turkish trap pop
3484,turkmen pop
3485,turntablism
3486,tuvan folk
3487,twee indie pop
3488,twee pop
3489,twoubadou
3490,tzadik
3491,uae indie
3492,ugandan pop
3493,uilleann pipes
3494,uk alternative hip hop
3495,uk alternative pop
3496,uk americana
3497,uk beatdown
3498,uk contemporary jazz
3499,uk contemporary r&b
3500,uk dance
3501,uk dancehall
3502,uk diy punk
3503,uk dnb
3504,uk doom metal
3505,uk drill
3506,uk dub
3507,uk experimental electronic
3508,uk funky
3509,uk garage
3510,uk hip hop
3511,uk house
3512,uk metalcore
3513,uk noise rock
3514,uk pop
3515,uk pop punk
3516,uk post-hardcore
3517,uk post-metal
3518,uk post-punk
3519,uk post-punk revival
3520,uk reggae
3521,uk rockabilly
3522,uk stoner rock
3523,uk tech house
3524,uk worship
3525,uk82
3526,ukg revival
3527,ukhc
3528,ukrainian black metal
3529,ukrainian classical piano
3530,ukrainian electronic
3531,ukrainian experimental
3532,ukrainian folk
3533,ukrainian hip hop
3534,ukrainian indie
3535,ukrainian metal
3536,ukrainian pop
3537,ukrainian rock
3538,ukulele
3539,umea hardcore
3540,umea indie
3541,unblack metal
3542,underground boom bap
3543,underground hip hop
3544,underground power pop
3545,underground rap
3546,uplifting trance
3547,uppsala indie
3548,uptempo hardcore
3549,urban contemporary
3550,urbano espanol
3551,uruguayan indie
3552,us power metal
3553,usbm
3554,utah metal
3555,uzbek pop
3556,v-pop
3557,vallenato
3558,vallenato moderno
3559,vancouver indie
3560,vancouver metal
3561,vancouver punk
3562,vapor house
3563,vapor pop
3564,vapor soul
3565,vapor trap
3566,vapor twitch
3567,vaporwave
3568,variete francaise
3569,varmland rock
3570,vegan straight edge
3571,vegas indie
3572,velha guarda
3573,venezuelan hip hop
3574,venezuelan indie
3575,venezuelan rock
3576,vermont indie
3577,vgm instrumental
3578,victoria bc indie
3579,video game music
3580,vienna indie
3581,vietnamese bolero
3582,vietnamese hip hop
3583,vietnamese pop
3584,viking black metal
3585,viking folk
3586,viking metal
3587,vintage chanson
3588,vintage french electronic
3589,vintage italian soundtrack
3590,vintage schlager
3591,viola
3592,viola da gamba
3593,violao
3594,violin
3595,viral pop
3596,viral pop brasileiro
3597,viral rap
3598,viral trap
3599,virgin islands reggae
3600,virginia hip hop
3601,virginia indie
3602,virginia metal
3603,virginia punk
3604,visual kei
3605,vlaamse rap
3606,vocal ensemble
3607,vocal harmony group
3608,vocal house
3609,vocal jazz
3610,vocal trance
3611,vocaloid
3612,vogue
3613,voidgaze
3614,voidgrind
3615,volksmusik
3616,volkspop
3617,volkstumliche musik
3618,war metal
3619,warm drone
3620,warrington indie
3621,washboard
3622,washington indie
3623,wassoulou
3624,wave
3625,weightless
3626,weirdcore
3627,wellington indie
3628,welsh hip hop
3629,welsh indie
3630,welsh metal
3631,welsh rock
3632,west african jazz
3633,west coast rap
3634,west coast trap
3635,west virginia indie
3636,west virginia metal
3637,west yorkshire indie
3638,western americana
3639,western mass indie
3640,western saharan folk
3641,western swing
3642,white noise
3643,wind ensemble
3644,windsor on indie
3645,winnipeg hip hop
3646,wisconsin indie
3647,wisconsin metal
3648,witch house
3649,women's choir
3650,women's music
3651,wonky
3652,worcester ma indie
3653,workout product
3654,world
3655,world chill
3656,world devotional
3657,world fusion
3658,world meditation
3659,world worship
3660,worship
3661,wrestling
3662,wu fam
3663,wyoming indie
3664,xhosa
3665,xtra raw
3666,yacht rock
3667,ye ye
3668,yemeni pop
3669,yoik
3670,york indie
3671,yorkshire folk
3672,youth orchestra
3673,yugoslav new wave
3674,yugoslav rock
3675,zenonesque
3676,zeuhl
3677,zillertal
3678,zim urban groove
3679,zolo
3680,zouglou
3681,zouk
3682,zouk riddim
3683,zurich indie
