,itemLabel
http://www.wikidata.org/entity/Q4631020,21st-century classical music
http://www.wikidata.org/entity/Q185298,a cappella
http://www.wikidata.org/entity/Q98528482,abstract hip hop
http://www.wikidata.org/entity/Q341364,acid house
http://www.wikidata.org/entity/Q221772,acid jazz
http://www.wikidata.org/entity/Q236932,acid rock
http://www.wikidata.org/entity/Q341395,acid techno
http://www.wikidata.org/entity/Q481900,acid trance
http://www.wikidata.org/entity/Q341396,acidcore
http://www.wikidata.org/entity/Q423918,Acousmatic music
http://www.wikidata.org/entity/Q65936357,acoustic blues
http://www.wikidata.org/entity/Q65936391,acoustic rock
http://www.wikidata.org/entity/Q11817196,actor's song
http://www.wikidata.org/entity/Q384064,African Gospel
http://www.wikidata.org/entity/Q972634,African popular music
http://www.wikidata.org/entity/Q4690039,African reggae
http://www.wikidata.org/entity/Q106641536,Afro-funk
http://www.wikidata.org/entity/Q388100,Afro-house
http://www.wikidata.org/entity/Q16024685,Afro-soul
http://www.wikidata.org/entity/Q388296,Afrobeat
http://www.wikidata.org/entity/Q85740017,Afroswing
http://www.wikidata.org/entity/Q1091450,aggrotech
http://www.wikidata.org/entity/Q3735537,Ainu folk music
http://www.wikidata.org/entity/Q106641595,Albanian folk music
http://www.wikidata.org/entity/Q16357920,Albanian hip hop
http://www.wikidata.org/entity/Q47112,Albanian iso-polyphony
http://www.wikidata.org/entity/Q428656,album-oriented rock
http://www.wikidata.org/entity/Q2961766,Algerian chaabi
http://www.wikidata.org/entity/Q438476,alternative country
http://www.wikidata.org/entity/Q2187392,alternative dance
http://www.wikidata.org/entity/Q438503,alternative hip hop
http://www.wikidata.org/entity/Q20378,alternative metal
http://www.wikidata.org/entity/Q105338947,alternative pop
http://www.wikidata.org/entity/Q7118426,alternative R&B
http://www.wikidata.org/entity/Q11366,alternative rock
http://www.wikidata.org/entity/Q85741139,amapiano
http://www.wikidata.org/entity/Q8197165,ambient black metal
http://www.wikidata.org/entity/Q2465085,ambient house
http://www.wikidata.org/entity/Q1440196,ambient industrial
http://www.wikidata.org/entity/Q193207,ambient music
http://www.wikidata.org/entity/Q33160145,ambient pop
http://www.wikidata.org/entity/Q9149801,ambient techno
http://www.wikidata.org/entity/Q4993553,ambient trance
http://www.wikidata.org/entity/Q466445,American primitive guitar
http://www.wikidata.org/entity/Q486365,anarcho-punk
http://www.wikidata.org/entity/Q483740,Anatolian rock
http://www.wikidata.org/entity/Q623904,Andalusian classical music
http://www.wikidata.org/entity/Q492096,Andean music
http://www.wikidata.org/entity/Q28517114,Andean music (Colombia)
http://www.wikidata.org/entity/Q541947,anthem
http://www.wikidata.org/entity/Q574651,anti-folk
http://www.wikidata.org/entity/Q108616106,Appalachian folk music
http://www.wikidata.org/entity/Q624221,Arabic hip hop
http://www.wikidata.org/entity/Q107267759,Arabic jazz
http://www.wikidata.org/entity/Q624081,Arabic pop music
http://www.wikidata.org/entity/Q5893243,Argentine heavy metal
http://www.wikidata.org/entity/Q21713208,Argentine punk
http://www.wikidata.org/entity/Q646026,Argentine rock
http://www.wikidata.org/entity/Q354204,Argentinian folk music
http://www.wikidata.org/entity/Q4069711,Armenian folk music
http://www.wikidata.org/entity/Q704073,Ars subtilior
http://www.wikidata.org/entity/Q25094849,art pop
http://www.wikidata.org/entity/Q659599,art punk
http://www.wikidata.org/entity/Q217467,art rock
http://www.wikidata.org/entity/Q4797274,art song
http://www.wikidata.org/entity/Q55604305,Asian American hip hop
http://www.wikidata.org/entity/Q108680155,ASMR recording
http://www.wikidata.org/entity/Q4810433,Assyrian folk/pop music
http://www.wikidata.org/entity/Q65937017,atmospheric black metal
http://www.wikidata.org/entity/Q108669571,audio poetry
http://www.wikidata.org/entity/Q21998415,Australian classical music
http://www.wikidata.org/entity/Q4824865,Australian comedy
http://www.wikidata.org/entity/Q2407589,Australian country music
http://www.wikidata.org/entity/Q4825017,Australian hardcore
http://www.wikidata.org/entity/Q783243,Australian hip hop
http://www.wikidata.org/entity/Q4825029,Australian indie rock
http://www.wikidata.org/entity/Q4825034,Australian jazz
http://www.wikidata.org/entity/Q3437817,Australian rock
http://www.wikidata.org/entity/Q4825221,Australian ska
http://www.wikidata.org/entity/Q4825229,Australian thrash metal
http://www.wikidata.org/entity/Q122772,Austrian hip hop
http://www.wikidata.org/entity/Q700423,Austropop
http://www.wikidata.org/entity/Q790188,avant-garde jazz
http://www.wikidata.org/entity/Q641357,avant-garde metal
http://www.wikidata.org/entity/Q2332751,avant-garde music
http://www.wikidata.org/entity/Q1435485,axé
http://www.wikidata.org/entity/Q4832826,Azonto
http://www.wikidata.org/entity/Q40461,bachata
http://www.wikidata.org/entity/Q1353390,background music
http://www.wikidata.org/entity/Q5569994,Baião
http://www.wikidata.org/entity/Q4848738,baithak gana
http://www.wikidata.org/entity/Q804401,Bakersfield sound
http://www.wikidata.org/entity/Q7770873,bal-musette
http://www.wikidata.org/entity/Q2197508,Balkan beats
http://www.wikidata.org/entity/Q805044,Balkan brass
http://www.wikidata.org/entity/Q106522098,ballroom
http://www.wikidata.org/entity/Q4855476,Bangladeshi hip hop
http://www.wikidata.org/entity/Q4855483,Bangladeshi rock
http://www.wikidata.org/entity/Q807820,barbershop music
http://www.wikidata.org/entity/Q4056436,bard song
http://www.wikidata.org/entity/Q96647680,bardcore
http://www.wikidata.org/entity/Q8361,baroque music
http://www.wikidata.org/entity/Q46046,baroque pop
http://www.wikidata.org/entity/Q108297192,Basque folk music
http://www.wikidata.org/entity/Q3328599,Basque music
http://www.wikidata.org/entity/Q27345019,bass house
http://www.wikidata.org/entity/Q96740854,bass music
http://www.wikidata.org/entity/Q4846346,bassline
http://www.wikidata.org/entity/Q108297194,batida
http://www.wikidata.org/entity/Q97178866,batidão romântico
http://www.wikidata.org/entity/Q12302979,battle rap
http://www.wikidata.org/entity/Q4875789,beach music
http://www.wikidata.org/entity/Q26906566,Beat poetry
http://www.wikidata.org/entity/Q213608,beatboxing
http://www.wikidata.org/entity/Q105513,bebop
http://www.wikidata.org/entity/Q28746819,bedroom pop
http://www.wikidata.org/entity/Q3303865,Belarusian rock
http://www.wikidata.org/entity/Q815536,Belgian hip hop
http://www.wikidata.org/entity/Q2473848,Belgian jazz
http://www.wikidata.org/entity/Q3437819,Belgian rock
http://www.wikidata.org/entity/Q6301761,Benga music
http://www.wikidata.org/entity/Q108297196,Bengali folk music
http://www.wikidata.org/entity/Q530750,Berlin School of electronic music
http://www.wikidata.org/entity/Q854844,Bhangra
http://www.wikidata.org/entity/Q105756581,big band music
http://www.wikidata.org/entity/Q858579,big beat
http://www.wikidata.org/entity/Q15300817,big room house
http://www.wikidata.org/entity/Q860196,Bikutsi
http://www.wikidata.org/entity/Q108064843,bird song recordings
http://www.wikidata.org/entity/Q4917174,BisRock
http://www.wikidata.org/entity/Q773880,bitpop
http://www.wikidata.org/entity/Q108297198,black 'n' roll
http://www.wikidata.org/entity/Q53094,black comedy
http://www.wikidata.org/entity/Q132438,black metal
http://www.wikidata.org/entity/Q28070612,blackened crust
http://www.wikidata.org/entity/Q16855754,blackgaze
http://www.wikidata.org/entity/Q106522080,bleep techno
http://www.wikidata.org/entity/Q4930356,Bluegrass fiddle
http://www.wikidata.org/entity/Q21327441,bluegrass gospel
http://www.wikidata.org/entity/Q213714,bluegrass music
http://www.wikidata.org/entity/Q9759,blues
http://www.wikidata.org/entity/Q193355,blues rock
http://www.wikidata.org/entity/Q3310676,Boeremusiek
http://www.wikidata.org/entity/Q15830404,bolero
http://www.wikidata.org/entity/Q630689,Bongo Flava
http://www.wikidata.org/entity/Q892958,boogaloo
http://www.wikidata.org/entity/Q4942839,boogie
http://www.wikidata.org/entity/Q212952,boogie-woogie
http://www.wikidata.org/entity/Q529742,boom bap
http://www.wikidata.org/entity/Q108297200,bop
http://www.wikidata.org/entity/Q486263,bossa nova
http://www.wikidata.org/entity/Q3643031,Boston hardcore
http://www.wikidata.org/entity/Q4948714,Bothy ballad
http://www.wikidata.org/entity/Q4949812,bounce music
http://www.wikidata.org/entity/Q4950496,bouyon
http://www.wikidata.org/entity/Q106468591,boy band music
http://www.wikidata.org/entity/Q2537800,Bozlak
http://www.wikidata.org/entity/Q64140592,brass band music
http://www.wikidata.org/entity/Q85748774,Brazilian bass
http://www.wikidata.org/entity/Q1484821,Brazilian classical music
http://www.wikidata.org/entity/Q1958247,Brazilian gaucho music
http://www.wikidata.org/entity/Q3135796,Brazilian hip hop
http://www.wikidata.org/entity/Q106508649,Brazilian jazz
http://www.wikidata.org/entity/Q2631396,Brazilian rock
http://www.wikidata.org/entity/Q4958927,Brazilian thrash metal
http://www.wikidata.org/entity/Q663519,breakbeat
http://www.wikidata.org/entity/Q903735,breakcore
http://www.wikidata.org/entity/Q65937774,breaks
http://www.wikidata.org/entity/Q2464314,brega
http://www.wikidata.org/entity/Q97278139,brega funk
http://www.wikidata.org/entity/Q28206879,Brill Building
http://www.wikidata.org/entity/Q4969182,Brit funk
http://www.wikidata.org/entity/Q918542,British blues
http://www.wikidata.org/entity/Q21070889,British comedy
http://www.wikidata.org/entity/Q4971320,British dance band
http://www.wikidata.org/entity/Q469343,British hip hop
http://www.wikidata.org/entity/Q211418,British Invasion
http://www.wikidata.org/entity/Q4971384,British jazz
http://www.wikidata.org/entity/Q4971454,British soul
http://www.wikidata.org/entity/Q189045,Britpop
http://www.wikidata.org/entity/Q2406633,broken beat
http://www.wikidata.org/entity/Q104847359,Brooklyn drill
http://www.wikidata.org/entity/Q20903,brostep
http://www.wikidata.org/entity/Q2265866,brutal death metal
http://www.wikidata.org/entity/Q2076779,bubblegum dance
http://www.wikidata.org/entity/Q997481,bubblegum pop
http://www.wikidata.org/entity/Q12274232,Bulgarian folk music
http://www.wikidata.org/entity/Q4996252,Bulgarian hip hop
http://www.wikidata.org/entity/Q5001430,bush ballad
http://www.wikidata.org/entity/Q2090950,Byzantine music
http://www.wikidata.org/entity/Q1192110,C-pop
http://www.wikidata.org/entity/Q97942949,C86
http://www.wikidata.org/entity/Q27976507,cabaret
http://www.wikidata.org/entity/Q1026089,Cajun music
http://www.wikidata.org/entity/Q752785,calypso music
http://www.wikidata.org/entity/Q108297206,Cambodian pop
http://www.wikidata.org/entity/Q60745864,Cambodian rock
http://www.wikidata.org/entity/Q3274667,campursari
http://www.wikidata.org/entity/Q5934478,campus folk song
http://www.wikidata.org/entity/Q5030714,Canadian blues
http://www.wikidata.org/entity/Q5030720,Canadian classical music
http://www.wikidata.org/entity/Q17513978,Canadian country music
http://www.wikidata.org/entity/Q17513988,Canadian folk music
http://www.wikidata.org/entity/Q17514023,Canadian hardcore punk
http://www.wikidata.org/entity/Q469630,Canadian hip hop
http://www.wikidata.org/entity/Q3437821,Canadian rock
http://www.wikidata.org/entity/Q5747258,canción melódica
http://www.wikidata.org/entity/Q1033073,candombe
http://www.wikidata.org/entity/Q1033032,candomblé music
http://www.wikidata.org/entity/Q19754215,cante alentejano
http://www.wikidata.org/entity/Q727803,Canterbury scene
http://www.wikidata.org/entity/Q5747907,Canto popular uruguayo
http://www.wikidata.org/entity/Q2708318,Cantonese opera
http://www.wikidata.org/entity/Q853873,Cantopop
http://www.wikidata.org/entity/Q774475,cantu a tenore
http://www.wikidata.org/entity/Q108297209,canzone d'autore
http://www.wikidata.org/entity/Q1195630,canzone napoletana
http://www.wikidata.org/entity/Q108297210,Cape Breton folk music
http://www.wikidata.org/entity/Q1036183,carimbo
http://www.wikidata.org/entity/Q20102359,Catalan folk music
http://www.wikidata.org/entity/Q3813661,Catalan rock
http://www.wikidata.org/entity/Q2707994,Catalan rumba
http://www.wikidata.org/entity/Q107013350,Caucasian folk music
http://www.wikidata.org/entity/Q2525544,Celtic metal
http://www.wikidata.org/entity/Q854451,Celtic music
http://www.wikidata.org/entity/Q1990122,Celtic punk
http://www.wikidata.org/entity/Q2662148,Celtic rock
http://www.wikidata.org/entity/Q4499034,Chabad niggunim
http://www.wikidata.org/entity/Q870340,chalga
http://www.wikidata.org/entity/Q1060475,chamamé
http://www.wikidata.org/entity/Q98528178,chamber folk
http://www.wikidata.org/entity/Q22991878,chamber pop
http://www.wikidata.org/entity/Q1061165,champeta
http://www.wikidata.org/entity/Q1062400,chanson
http://www.wikidata.org/entity/Q60985143,chaotic hardcore
http://www.wikidata.org/entity/Q1071873,Chicago blues
http://www.wikidata.org/entity/Q3476584,Chicago hardcore
http://www.wikidata.org/entity/Q1071961,Chicago house
http://www.wikidata.org/entity/Q1269729,Chicago soul
http://www.wikidata.org/entity/Q17176205,Chicano punk
http://www.wikidata.org/entity/Q1399695,Chicano rap
http://www.wikidata.org/entity/Q2389651,children's music
http://www.wikidata.org/entity/Q3437823,Chilean rock
http://www.wikidata.org/entity/Q961146,chilena
http://www.wikidata.org/entity/Q757143,chill-out music
http://www.wikidata.org/entity/Q2963621,chillstep
http://www.wikidata.org/entity/Q2626684,chillwave
http://www.wikidata.org/entity/Q106634987,Chinese classical music
http://www.wikidata.org/entity/Q5100799,Chinese hip hop
http://www.wikidata.org/entity/Q737994,Chinese opera
http://www.wikidata.org/entity/Q51446080,Chinese traditional music
http://www.wikidata.org/entity/Q135637,chiptune
http://www.wikidata.org/entity/Q2261628,chopped and screwed
http://www.wikidata.org/entity/Q1076513,choral music
http://www.wikidata.org/entity/Q1076539,choro
http://www.wikidata.org/entity/Q5110298,Christian alternative rock
http://www.wikidata.org/entity/Q5110317,Christian country music
http://www.wikidata.org/entity/Q18379604,Christian electronic dance music
http://www.wikidata.org/entity/Q2225757,Christian hardcore
http://www.wikidata.org/entity/Q2238236,Christian hip hop
http://www.wikidata.org/entity/Q822914,Christian metal
http://www.wikidata.org/entity/Q6452410,Christian music
http://www.wikidata.org/entity/Q63885,Christian punk
http://www.wikidata.org/entity/Q753520,Christian rock
http://www.wikidata.org/entity/Q1090048,chutney music
http://www.wikidata.org/entity/Q108616070,Circassian folk music
http://www.wikidata.org/entity/Q108610259,circuit house
http://www.wikidata.org/entity/Q205978,circus music
http://www.wikidata.org/entity/Q11307326,city pop
http://www.wikidata.org/entity/Q1096120,classic rock
http://www.wikidata.org/entity/Q17723,Classical period
http://www.wikidata.org/entity/Q60789245,Clean comedy
http://www.wikidata.org/entity/Q502448,coco
http://www.wikidata.org/entity/Q5141514,coimbra fado
http://www.wikidata.org/entity/Q2343562,coldwave
http://www.wikidata.org/entity/Q5147976,Colombian rock
http://www.wikidata.org/entity/Q602646,comedy hip hop
http://www.wikidata.org/entity/Q108676486,comedy recordings
http://www.wikidata.org/entity/Q1391336,comedy rock
http://www.wikidata.org/entity/Q2726026,compas
http://www.wikidata.org/entity/Q11691380,complextro
http://www.wikidata.org/entity/Q3453150,Congolese rumba
http://www.wikidata.org/entity/Q141459,conscious hip hop
http://www.wikidata.org/entity/Q612024,contemporary classical music
http://www.wikidata.org/entity/Q5165023,contemporary commercial music
http://www.wikidata.org/entity/Q98528145,contemporary country
http://www.wikidata.org/entity/Q106298881,contemporary folk music
http://www.wikidata.org/entity/Q5928480,contemporary jazz
http://www.wikidata.org/entity/Q327547,cool jazz
http://www.wikidata.org/entity/Q15042720,copla
http://www.wikidata.org/entity/Q107091525,Cornish folk music
http://www.wikidata.org/entity/Q869210,corrido
http://www.wikidata.org/entity/Q108665706,corrido tumbado
http://www.wikidata.org/entity/Q2378916,Corsican folk music
http://www.wikidata.org/entity/Q5177472,country and Irish
http://www.wikidata.org/entity/Q649823,country blues
http://www.wikidata.org/entity/Q106562392,country boogie
http://www.wikidata.org/entity/Q83440,country music
http://www.wikidata.org/entity/Q2280497,country pop
http://www.wikidata.org/entity/Q2706919,country rap
http://www.wikidata.org/entity/Q613408,country rock
http://www.wikidata.org/entity/Q513357,Coupé-Décalé
http://www.wikidata.org/entity/Q2268922,Cowpunk
http://www.wikidata.org/entity/Q108615898,Cretan folk music
http://www.wikidata.org/entity/Q107331898,Croatian folk music
http://www.wikidata.org/entity/Q25110284,Croatian hip hop
http://www.wikidata.org/entity/Q3437826,Croatian rock
http://www.wikidata.org/entity/Q65937817,crossover prog
http://www.wikidata.org/entity/Q932977,crossover thrash
http://www.wikidata.org/entity/Q936573,crunk
http://www.wikidata.org/entity/Q825769,crust punk
http://www.wikidata.org/entity/Q155119,Cuarteto
http://www.wikidata.org/entity/Q388475,Cuban rumba
http://www.wikidata.org/entity/Q108297222,cubaton
http://www.wikidata.org/entity/Q766240,cueca chilena
http://www.wikidata.org/entity/Q723418,cumbia
http://www.wikidata.org/entity/Q5794671,cumbia andina mexicana
http://www.wikidata.org/entity/Q21059341,cumbia pop
http://www.wikidata.org/entity/Q5794686,cumbia salvadoreña
http://www.wikidata.org/entity/Q5794688,cumbia santafesina
http://www.wikidata.org/entity/Q108297224,cumbia sonidera
http://www.wikidata.org/entity/Q1143752,Cumbia villera
http://www.wikidata.org/entity/Q3008122,cyber metal
http://www.wikidata.org/entity/Q3008180,Cybergrind
http://www.wikidata.org/entity/Q108297225,Czech folk music
http://www.wikidata.org/entity/Q3506890,Czech hip hop
http://www.wikidata.org/entity/Q3437882,Czech rock
http://www.wikidata.org/entity/Q1151260,D-beat
http://www.wikidata.org/entity/Q1156570,Dabke
http://www.wikidata.org/entity/Q211756,dance-pop
http://www.wikidata.org/entity/Q1643549,dance-punk
http://www.wikidata.org/entity/Q2281409,dance-rock
http://www.wikidata.org/entity/Q107332291,dancefloor drum and bass
http://www.wikidata.org/entity/Q474027,dancehall
http://www.wikidata.org/entity/Q1159539,dangdut
http://www.wikidata.org/entity/Q5219868,Danish folk music
http://www.wikidata.org/entity/Q1270332,Danish hip hop
http://www.wikidata.org/entity/Q5219842,Danish jazz
http://www.wikidata.org/entity/Q3437827,Danish rock
http://www.wikidata.org/entity/Q105757139,dansband music
http://www.wikidata.org/entity/Q12307741,dansktop
http://www.wikidata.org/entity/Q756956,dark ambient
http://www.wikidata.org/entity/Q1166158,dark cabaret
http://www.wikidata.org/entity/Q4155078,dark electro
http://www.wikidata.org/entity/Q106621114,dark folk
http://www.wikidata.org/entity/Q31837446,dark jazz
http://www.wikidata.org/entity/Q2452152,dark psytrance
http://www.wikidata.org/entity/Q1166218,dark rock
http://www.wikidata.org/entity/Q3840596,dark wave
http://www.wikidata.org/entity/Q1166321,darkstep
http://www.wikidata.org/entity/Q60973191,darksynth
http://www.wikidata.org/entity/Q1181308,death 'n' roll
http://www.wikidata.org/entity/Q3487358,death industrial
http://www.wikidata.org/entity/Q483251,death metal
http://www.wikidata.org/entity/Q1164252,death rock
http://www.wikidata.org/entity/Q2089511,death-doom
http://www.wikidata.org/entity/Q475221,deathcore
http://www.wikidata.org/entity/Q888612,deathgrind
http://www.wikidata.org/entity/Q11320601,deathrash
http://www.wikidata.org/entity/Q106528420,deathstep
http://www.wikidata.org/entity/Q96376113,deconstructed club
http://www.wikidata.org/entity/Q1182371,deep funk
http://www.wikidata.org/entity/Q874038,deep house
http://www.wikidata.org/entity/Q106521662,deep techno
http://www.wikidata.org/entity/Q1127539,Delta blues
http://www.wikidata.org/entity/Q16491869,Dembow
http://www.wikidata.org/entity/Q28949059,depressive black metal
http://www.wikidata.org/entity/Q7800608,desert blues
http://www.wikidata.org/entity/Q5264196,Desi hip hop
http://www.wikidata.org/entity/Q108610706,detroit house
http://www.wikidata.org/entity/Q904500,Detroit rock
http://www.wikidata.org/entity/Q526463,Detroit techno
http://www.wikidata.org/entity/Q106839650,Detroit trap
http://www.wikidata.org/entity/Q59158,dhrupad
http://www.wikidata.org/entity/Q107515261,digicore
http://www.wikidata.org/entity/Q56580,digital hardcore
http://www.wikidata.org/entity/Q58339,disco
http://www.wikidata.org/entity/Q360596,disco house
http://www.wikidata.org/entity/Q1185390,disco polo
http://www.wikidata.org/entity/Q3032212,diva house
http://www.wikidata.org/entity/Q906647,Dixieland
http://www.wikidata.org/entity/Q2532560,djent
http://www.wikidata.org/entity/Q1046920,Dōjin music
http://www.wikidata.org/entity/Q5768028,Dominican hip hop
http://www.wikidata.org/entity/Q5290881,Dominican rock
http://www.wikidata.org/entity/Q546359,doo-wop
http://www.wikidata.org/entity/Q186170,doom metal
http://www.wikidata.org/entity/Q1242484,doomcore
http://www.wikidata.org/entity/Q251192,downtempo
http://www.wikidata.org/entity/Q592330,dream pop
http://www.wikidata.org/entity/Q1339027,dream trance
http://www.wikidata.org/entity/Q106583068,dreampunk
http://www.wikidata.org/entity/Q15697534,drill
http://www.wikidata.org/entity/Q1259016,drill and bass
http://www.wikidata.org/entity/Q650316,drone
http://www.wikidata.org/entity/Q1433387,drone metal
http://www.wikidata.org/entity/Q188994,drum and bass
http://www.wikidata.org/entity/Q2121992,drumfunk
http://www.wikidata.org/entity/Q212688,dub music
http://www.wikidata.org/entity/Q1113204,dub poetry
http://www.wikidata.org/entity/Q1262781,dub techno
http://www.wikidata.org/entity/Q20474,dubstep
http://www.wikidata.org/entity/Q267287,Dunedin sound
http://www.wikidata.org/entity/Q48971892,dungeon synth
http://www.wikidata.org/entity/Q907799,Duranguense
http://www.wikidata.org/entity/Q5320459,Düsseldorf School of electronic music
http://www.wikidata.org/entity/Q108297233,Dutch cabaret
http://www.wikidata.org/entity/Q2299227,Dutch folk music
http://www.wikidata.org/entity/Q1973965,Dutch hip hop music
http://www.wikidata.org/entity/Q1228230,Dutch house
http://www.wikidata.org/entity/Q2558340,Dutch jazz
http://www.wikidata.org/entity/Q2101808,Dutch punk
http://www.wikidata.org/entity/Q3437864,Dutch rock
http://www.wikidata.org/entity/Q436016,early music
http://www.wikidata.org/entity/Q1277532,early reggae
http://www.wikidata.org/entity/Q876171,East Coast hip hop
http://www.wikidata.org/entity/Q848399,easy listening
http://www.wikidata.org/entity/Q3046632,easycore
http://www.wikidata.org/entity/Q98528206,ECM style jazz
http://www.wikidata.org/entity/Q5348475,Egyptian hip hop
http://www.wikidata.org/entity/Q640097,electric blues
http://www.wikidata.org/entity/Q217597,electro
http://www.wikidata.org/entity/Q627906,electro house
http://www.wikidata.org/entity/Q19358266,electro latino
http://www.wikidata.org/entity/Q602561,electro swing
http://www.wikidata.org/entity/Q1403744,electro-industrial
http://www.wikidata.org/entity/Q3587612,electroacoustic improvisation
http://www.wikidata.org/entity/Q861823,electroclash
http://www.wikidata.org/entity/Q372103,electronic body music
http://www.wikidata.org/entity/Q851213,electronic dance music
http://www.wikidata.org/entity/Q325504,electronic rock
http://www.wikidata.org/entity/Q817138,electronica
http://www.wikidata.org/entity/Q2084353,electronicore
http://www.wikidata.org/entity/Q188450,electropop
http://www.wikidata.org/entity/Q10926,emo
http://www.wikidata.org/entity/Q42377959,emo rap
http://www.wikidata.org/entity/Q9253748,emo violence
http://www.wikidata.org/entity/Q89423564,emocore
http://www.wikidata.org/entity/Q873478,enka
http://www.wikidata.org/entity/Q53806314,éntekhno
http://www.wikidata.org/entity/Q5834708,epic doom metal
http://www.wikidata.org/entity/Q16408598,Estonian folk music
http://www.wikidata.org/entity/Q3437834,Estonian rock
http://www.wikidata.org/entity/Q284543,ethereal wave
http://www.wikidata.org/entity/Q3591962,Ethio-jazz
http://www.wikidata.org/entity/Q2549052,ethnic electronica
http://www.wikidata.org/entity/Q108297238,euphoric hardstyle
http://www.wikidata.org/entity/Q848852,Eurobeat
http://www.wikidata.org/entity/Q216961,Eurodance
http://www.wikidata.org/entity/Q517415,Europop
http://www.wikidata.org/entity/Q916387,exotica
http://www.wikidata.org/entity/Q98528203,experimental big band
http://www.wikidata.org/entity/Q3736049,experimental dub
http://www.wikidata.org/entity/Q105763581,experimental electronic
http://www.wikidata.org/entity/Q5421158,experimental hip hop
http://www.wikidata.org/entity/Q1640319,experimental music
http://www.wikidata.org/entity/Q25094591,experimental pop
http://www.wikidata.org/entity/Q1641839,experimental rock
http://www.wikidata.org/entity/Q105636937,experimental techno
http://www.wikidata.org/entity/Q185676,fado
http://www.wikidata.org/entity/Q108297239,Faroese folk music
http://www.wikidata.org/entity/Q2365784,Fidget house
http://www.wikidata.org/entity/Q360982,field recording
http://www.wikidata.org/entity/Q5447390,fife and drum blues
http://www.wikidata.org/entity/Q544440,filmi music
http://www.wikidata.org/entity/Q27103155,Finnish classical music
http://www.wikidata.org/entity/Q11894761,Finnish folk music
http://www.wikidata.org/entity/Q3785730,Finnish hip hop
http://www.wikidata.org/entity/Q1762761,Finnish tango
http://www.wikidata.org/entity/Q9764,flamenco
http://www.wikidata.org/entity/Q6110311,flamenco rock
http://www.wikidata.org/entity/Q106561159,Flemish folk music
http://www.wikidata.org/entity/Q107564787,Florida death metal
http://www.wikidata.org/entity/Q484179,folk metal
http://www.wikidata.org/entity/Q43343,folk music
http://www.wikidata.org/entity/Q1425661,folk punk
http://www.wikidata.org/entity/Q186472,folk rock
http://www.wikidata.org/entity/Q11700058,folk-pop
http://www.wikidata.org/entity/Q1435509,folktronica
http://www.wikidata.org/entity/Q5466607,footwork
http://www.wikidata.org/entity/Q586110,forró
http://www.wikidata.org/entity/Q10283583,forró pé de serra
http://www.wikidata.org/entity/Q2404568,freak folk
http://www.wikidata.org/entity/Q2607836,freakbeat
http://www.wikidata.org/entity/Q98528183,free folk
http://www.wikidata.org/entity/Q592060,free improvisation
http://www.wikidata.org/entity/Q211781,free jazz
http://www.wikidata.org/entity/Q106594523,freestyle
http://www.wikidata.org/entity/Q3328590,French baroque music
http://www.wikidata.org/entity/Q2956178,French folk music
http://www.wikidata.org/entity/Q138020,French hip hop
http://www.wikidata.org/entity/Q1455292,French house
http://www.wikidata.org/entity/Q5502277,French jazz
http://www.wikidata.org/entity/Q662073,French opera
http://www.wikidata.org/entity/Q1162954,French pop music
http://www.wikidata.org/entity/Q21427887,French progressive rock
http://www.wikidata.org/entity/Q3410854,French punk
http://www.wikidata.org/entity/Q3437841,French rock
http://www.wikidata.org/entity/Q1455487,Frenchcore
http://www.wikidata.org/entity/Q1455932,Frevo
http://www.wikidata.org/entity/Q3509353,fuji music
http://www.wikidata.org/entity/Q108297245,Fula music
http://www.wikidata.org/entity/Q10286190,full on
http://www.wikidata.org/entity/Q3090876,funaná
http://www.wikidata.org/entity/Q2738113,funeral doom metal
http://www.wikidata.org/entity/Q164444,funk
http://www.wikidata.org/entity/Q108297246,funk 150 bpm
http://www.wikidata.org/entity/Q1931130,funk carioca
http://www.wikidata.org/entity/Q107010629,funk mandelão
http://www.wikidata.org/entity/Q10286515,funk melody
http://www.wikidata.org/entity/Q667659,funk metal
http://www.wikidata.org/entity/Q15893013,funk ostentação
http://www.wikidata.org/entity/Q106547171,funk paulista
http://www.wikidata.org/entity/Q835891,funk rock
http://www.wikidata.org/entity/Q11332204,funkot
http://www.wikidata.org/entity/Q106521759,funky breaks
http://www.wikidata.org/entity/Q949369,funky house
http://www.wikidata.org/entity/Q22908553,future bass
http://www.wikidata.org/entity/Q80725127,future funk
http://www.wikidata.org/entity/Q5510816,future garage
http://www.wikidata.org/entity/Q20021059,future house
http://www.wikidata.org/entity/Q828243,futurepop
http://www.wikidata.org/entity/Q106636250,futuristic swag
http://www.wikidata.org/entity/Q1045541,G-funk
http://www.wikidata.org/entity/Q107697041,g-house
http://www.wikidata.org/entity/Q535328,Gaita zuliana
http://www.wikidata.org/entity/Q3327514,Galician folk music
http://www.wikidata.org/entity/Q194492,gamelan
http://www.wikidata.org/entity/Q753679,gangsta rap
http://www.wikidata.org/entity/Q928825,garage house
http://www.wikidata.org/entity/Q2296495,garage punk
http://www.wikidata.org/entity/Q211573,garage rock
http://www.wikidata.org/entity/Q98528290,garage rock revival
http://www.wikidata.org/entity/Q98528249,Garifuna folk music
http://www.wikidata.org/entity/Q25419286,Gaúcho rock
http://www.wikidata.org/entity/Q328296,GDR rock
http://www.wikidata.org/entity/Q2324411,geek rock
http://www.wikidata.org/entity/Q17231747,Gekijou
http://www.wikidata.org/entity/Q107814971,Georgian folk music
http://www.wikidata.org/entity/Q107819512,German folk music
http://www.wikidata.org/entity/Q454071,German hip hop
http://www.wikidata.org/entity/Q280955,German jazz
http://www.wikidata.org/entity/Q2118402,German punk
http://www.wikidata.org/entity/Q24383,German rock
http://www.wikidata.org/entity/Q30912999,German techno
http://www.wikidata.org/entity/Q281111,ghazal
http://www.wikidata.org/entity/Q1521688,ghettotech
http://www.wikidata.org/entity/Q106468478,girl group music
http://www.wikidata.org/entity/Q188539,glam metal
http://www.wikidata.org/entity/Q1123745,glam punk
http://www.wikidata.org/entity/Q76092,glam rock
http://www.wikidata.org/entity/Q1100989,glitch
http://www.wikidata.org/entity/Q3108920,glitch hop
http://www.wikidata.org/entity/Q106528422,glitch pop
http://www.wikidata.org/entity/Q2000173,Gnawa music
http://www.wikidata.org/entity/Q2697917,go-go
http://www.wikidata.org/entity/Q835131,Goa trance
http://www.wikidata.org/entity/Q1534821,Golden age hip hop
http://www.wikidata.org/entity/Q1147692,goregrind
http://www.wikidata.org/entity/Q3111428,gospel blues
http://www.wikidata.org/entity/Q180268,gospel music
http://www.wikidata.org/entity/Q3931695,gospel reggae
http://www.wikidata.org/entity/Q1538765,gothabilly
http://www.wikidata.org/entity/Q11122966,Gothenburg metal
http://www.wikidata.org/entity/Q6042534,gothic doom metal
http://www.wikidata.org/entity/Q178145,gothic metal
http://www.wikidata.org/entity/Q485395,gothic rock
http://www.wikidata.org/entity/Q29973057,gqom
http://www.wikidata.org/entity/Q1987105,Grebo
http://www.wikidata.org/entity/Q12876995,Greek folk music
http://www.wikidata.org/entity/Q12876996,Greek hip hop
http://www.wikidata.org/entity/Q3559240,Greek new wave
http://www.wikidata.org/entity/Q5602044,Greek punk
http://www.wikidata.org/entity/Q3437842,Greek rock
http://www.wikidata.org/entity/Q26473,Gregorian chant
http://www.wikidata.org/entity/Q1166726,grime
http://www.wikidata.org/entity/Q188534,grindcore
http://www.wikidata.org/entity/Q107123896,griot music
http://www.wikidata.org/entity/Q241662,groove metal
http://www.wikidata.org/entity/Q11365,grunge
http://www.wikidata.org/entity/Q5612172,grupera
http://www.wikidata.org/entity/Q1552806,guaracha
http://www.wikidata.org/entity/Q5614327,Guatemalan rock
http://www.wikidata.org/entity/Q1399566,Guggenmusik
http://www.wikidata.org/entity/Q5618068,Gumbe
http://www.wikidata.org/entity/Q2915789,gwo ka
http://www.wikidata.org/entity/Q844245,Gypsy jazz
http://www.wikidata.org/entity/Q2715283,Gypsy punk
http://www.wikidata.org/entity/Q1915787,H8000
http://www.wikidata.org/entity/Q17004101,Haitian Gospel
http://www.wikidata.org/entity/Q15356546,Hakka popular music
http://www.wikidata.org/entity/Q107033667,Halloween music
http://www.wikidata.org/entity/Q896513,Hamburger Schule
http://www.wikidata.org/entity/Q733804,hands up
http://www.wikidata.org/entity/Q339906,happy hardcore
http://www.wikidata.org/entity/Q181010,hard bop
http://www.wikidata.org/entity/Q1033912,hard dance
http://www.wikidata.org/entity/Q1585015,hard house
http://www.wikidata.org/entity/Q83270,hard rock
http://www.wikidata.org/entity/Q832665,hard trance
http://www.wikidata.org/entity/Q28458027,hardbass
http://www.wikidata.org/entity/Q4177625,hardcore breaks
http://www.wikidata.org/entity/Q966564,hardcore hip hop
http://www.wikidata.org/entity/Q10922,hardcore punk
http://www.wikidata.org/entity/Q388906,hardcore techno
http://www.wikidata.org/entity/Q223840,hardstyle
http://www.wikidata.org/entity/Q3084222,Hardtechno
http://www.wikidata.org/entity/Q30594541,hardvapour
http://www.wikidata.org/entity/Q106877990,harmonica blues
http://www.wikidata.org/entity/Q85765918,hauntology
http://www.wikidata.org/entity/Q747717,heartland rock
http://www.wikidata.org/entity/Q98528291,heavy psych
http://www.wikidata.org/entity/Q606393,Hi-NRG
http://www.wikidata.org/entity/Q105404852,hi-tech psytrance
http://www.wikidata.org/entity/Q963061,highlife
http://www.wikidata.org/entity/Q5765288,Himene tarava
http://www.wikidata.org/entity/Q1770695,Hindustani classical music
http://www.wikidata.org/entity/Q17004572,hip hop galsen
http://www.wikidata.org/entity/Q11401,hip hop music
http://www.wikidata.org/entity/Q3135807,hip hop tuga
http://www.wikidata.org/entity/Q601235,hip house
http://www.wikidata.org/entity/Q1619932,Hiplife
http://www.wikidata.org/entity/Q5895294,Hong Kong hip hop
http://www.wikidata.org/entity/Q3140141,honky tonk
http://www.wikidata.org/entity/Q830325,horror punk
http://www.wikidata.org/entity/Q107985638,horror synth
http://www.wikidata.org/entity/Q1139136,horrorcore
http://www.wikidata.org/entity/Q20502,house music
http://www.wikidata.org/entity/Q3089524,huapango
http://www.wikidata.org/entity/Q2307786,huayno
http://www.wikidata.org/entity/Q1051575,humppa
http://www.wikidata.org/entity/Q722989,Hungarian folk music
http://www.wikidata.org/entity/Q3492946,Hungarian hip hop
http://www.wikidata.org/entity/Q16253331,Hungarian metal
http://www.wikidata.org/entity/Q17098563,Hungarian pop
http://www.wikidata.org/entity/Q3437846,Hungarian rock
http://www.wikidata.org/entity/Q104695865,hyperpop
http://www.wikidata.org/entity/Q2043175,hyphy
http://www.wikidata.org/entity/Q5985802,Icelandic folk music
http://www.wikidata.org/entity/Q5985805,Icelandic hip hop
http://www.wikidata.org/entity/Q3437852,Icelandic rock music
http://www.wikidata.org/entity/Q107985650,idol kayō
http://www.wikidata.org/entity/Q1658757,illbient
http://www.wikidata.org/entity/Q105697765,impressionist music
http://www.wikidata.org/entity/Q1323698,Indian classical music
http://www.wikidata.org/entity/Q6022257,Indian folk music
http://www.wikidata.org/entity/Q6168383,Indian jazz
http://www.wikidata.org/entity/Q16056349,Indian rock
http://www.wikidata.org/entity/Q1317816,indie folk
http://www.wikidata.org/entity/Q842324,indie pop
http://www.wikidata.org/entity/Q183504,indie rock
http://www.wikidata.org/entity/Q325397,indietronica
http://www.wikidata.org/entity/Q2340395,indigenous Australian music
http://www.wikidata.org/entity/Q4668375,indigenous music of Canada
http://www.wikidata.org/entity/Q2662072,indigenous music of North America
http://www.wikidata.org/entity/Q1884689,Indo pop
http://www.wikidata.org/entity/Q108610396,Indonesian folk music
http://www.wikidata.org/entity/Q6026226,Indonesian hip hop
http://www.wikidata.org/entity/Q4200851,Indonesian rock
http://www.wikidata.org/entity/Q2097664,Indorock
http://www.wikidata.org/entity/Q1191299,industrial hardcore
http://www.wikidata.org/entity/Q2004156,industrial hip hop
http://www.wikidata.org/entity/Q208494,industrial metal
http://www.wikidata.org/entity/Q487965,industrial music
http://www.wikidata.org/entity/Q968730,industrial rock
http://www.wikidata.org/entity/Q29480448,industrial techno
http://www.wikidata.org/entity/Q1650296,instrumental rock
http://www.wikidata.org/entity/Q660984,intelligent dance music
http://www.wikidata.org/entity/Q840748,Iranian hip hop
http://www.wikidata.org/entity/Q7170257,Iranian pop music
http://www.wikidata.org/entity/Q84322263,Irish ballad
http://www.wikidata.org/entity/Q6070734,Irish fiddle
http://www.wikidata.org/entity/Q7482056,Irish folk music
http://www.wikidata.org/entity/Q48767281,Irish hip hop
http://www.wikidata.org/entity/Q1672918,Irish rebel song
http://www.wikidata.org/entity/Q3437850,Irish rock
http://www.wikidata.org/entity/Q1482325,Islamic music
http://www.wikidata.org/entity/Q12408915,Israeli classical music
http://www.wikidata.org/entity/Q106590078,Israeli folk music
http://www.wikidata.org/entity/Q12411192,Israeli hip hop
http://www.wikidata.org/entity/Q107539785,Israeli pop music
http://www.wikidata.org/entity/Q6860135,Israeli punk
http://www.wikidata.org/entity/Q2917227,Israeli rock
http://www.wikidata.org/entity/Q16532947,Italian blues
http://www.wikidata.org/entity/Q3951797,Italian hardcore
http://www.wikidata.org/entity/Q470611,Italian hip hop
http://www.wikidata.org/entity/Q6093324,Italian jazz
http://www.wikidata.org/entity/Q16254929,Italian occult psychedelia
http://www.wikidata.org/entity/Q785522,Italian opera
http://www.wikidata.org/entity/Q725888,Italian progressive rock
http://www.wikidata.org/entity/Q930592,Italo dance
http://www.wikidata.org/entity/Q2702280,Italo house
http://www.wikidata.org/entity/Q108556049,Italo pop
http://www.wikidata.org/entity/Q3135791,Ivorian hip hop
http://www.wikidata.org/entity/Q3098078,J-core
http://www.wikidata.org/entity/Q131578,J-pop
http://www.wikidata.org/entity/Q108321657,jackin house
http://www.wikidata.org/entity/Q106581777,jam band music
http://www.wikidata.org/entity/Q107982599,jamgrass
http://www.wikidata.org/entity/Q1190565,jangle pop
http://www.wikidata.org/entity/Q106586236,Japanese classical music
http://www.wikidata.org/entity/Q106586219,Japanese folk music
http://www.wikidata.org/entity/Q19815286,Japanese hardcore
http://www.wikidata.org/entity/Q1683348,Japanese hip hop
http://www.wikidata.org/entity/Q16821210,Japanese jazz
http://www.wikidata.org/entity/Q1055871,Japanese rock
http://www.wikidata.org/entity/Q1386554,Japanese ska
http://www.wikidata.org/entity/Q2456019,Japanoise
http://www.wikidata.org/entity/Q11215782,Javanese gamelan
http://www.wikidata.org/entity/Q8341,jazz
http://www.wikidata.org/entity/Q1684520,Jazz blues
http://www.wikidata.org/entity/Q105527,jazz fusion
http://www.wikidata.org/entity/Q105637110,jazz house
http://www.wikidata.org/entity/Q255406,jazz rap
http://www.wikidata.org/entity/Q944465,jazz rock
http://www.wikidata.org/entity/Q38656,jazz-funk
http://www.wikidata.org/entity/Q2104067,jazz-pop
http://www.wikidata.org/entity/Q1433547,Jazzcore
http://www.wikidata.org/entity/Q4965901,Jersey club
http://www.wikidata.org/entity/Q24943969,Jewish hip hop
http://www.wikidata.org/entity/Q744327,joik
http://www.wikidata.org/entity/Q1202208,joropo
http://www.wikidata.org/entity/Q9014988,Jota Aragonese
http://www.wikidata.org/entity/Q6296743,Jovem Guarda
http://www.wikidata.org/entity/Q1075338,Jug band
http://www.wikidata.org/entity/Q1715700,Jùjú music
http://www.wikidata.org/entity/Q1515757,jump blues
http://www.wikidata.org/entity/Q46649,jump-up
http://www.wikidata.org/entity/Q389631,Jumpstyle
http://www.wikidata.org/entity/Q1102161,jungle
http://www.wikidata.org/entity/Q213665,K-pop
http://www.wikidata.org/entity/Q16154635,Kabarett
http://www.wikidata.org/entity/Q3328694,Kabyle music
http://www.wikidata.org/entity/Q3192617,kaneka
http://www.wikidata.org/entity/Q108301597,karaoke music
http://www.wikidata.org/entity/Q610022,kaseko
http://www.wikidata.org/entity/Q106577542,kawaii future bass
http://www.wikidata.org/entity/Q16096634,kawaii metal
http://www.wikidata.org/entity/Q1418683,kayōkyoku
http://www.wikidata.org/entity/Q19860267,Kazakh pop
http://www.wikidata.org/entity/Q6392890,Kenyan hip hop
http://www.wikidata.org/entity/Q585588,Khaliji
http://www.wikidata.org/entity/Q62128,Khyal
http://www.wikidata.org/entity/Q6410606,Kindie rock
http://www.wikidata.org/entity/Q947155,Kirtan
http://www.wikidata.org/entity/Q1597549,kizomba
http://www.wikidata.org/entity/Q1428470,Klapa
http://www.wikidata.org/entity/Q106917640,kleinkunst
http://www.wikidata.org/entity/Q212944,klezmer
http://www.wikidata.org/entity/Q31174954,koplo
http://www.wikidata.org/entity/Q108574405,kora music
http://www.wikidata.org/entity/Q107000797,Korean folk music
http://www.wikidata.org/entity/Q6432024,Korean rock
http://www.wikidata.org/entity/Q320592,Krautrock
http://www.wikidata.org/entity/Q1930107,kroncong
http://www.wikidata.org/entity/Q1191544,kuduro
http://www.wikidata.org/entity/Q6444335,kundiman
http://www.wikidata.org/entity/Q956717,kwaito
http://www.wikidata.org/entity/Q108576302,Kyrgyz traditional music
http://www.wikidata.org/entity/Q2087267,laïko
http://www.wikidata.org/entity/Q1089050,Latin alternative
http://www.wikidata.org/entity/Q17007779,Latin Christian music
http://www.wikidata.org/entity/Q98528166,Latin electronic
http://www.wikidata.org/entity/Q3827483,Latin hip hop
http://www.wikidata.org/entity/Q3056538,Latin house
http://www.wikidata.org/entity/Q837389,Latin jazz
http://www.wikidata.org/entity/Q1622261,Latin metal
http://www.wikidata.org/entity/Q18345375,Latin music
http://www.wikidata.org/entity/Q547137,Latin pop
http://www.wikidata.org/entity/Q185162,Latin rock
http://www.wikidata.org/entity/Q54329757,Latin trap
http://www.wikidata.org/entity/Q108562050,Latvian folk music
http://www.wikidata.org/entity/Q6497489,Latvian rock
http://www.wikidata.org/entity/Q2138639,Levenslied
http://www.wikidata.org/entity/Q98528299,liedermacher
http://www.wikidata.org/entity/Q1537056,light music
http://www.wikidata.org/entity/Q2082572,liquid funk
http://www.wikidata.org/entity/Q54891495,Lithuanian folk music
http://www.wikidata.org/entity/Q3437856,Lithuanian rock
http://www.wikidata.org/entity/Q6658771,livetronica
http://www.wikidata.org/entity/Q97265899,lo-fi hip hop
http://www.wikidata.org/entity/Q108555812,lo-fi house
http://www.wikidata.org/entity/Q1507298,lo-fi music
http://www.wikidata.org/entity/Q515074,Louisiana blues
http://www.wikidata.org/entity/Q1141081,lounge music
http://www.wikidata.org/entity/Q1872505,Lovers rock
http://www.wikidata.org/entity/Q310871,lowercase
http://www.wikidata.org/entity/Q665286,Luk thung
http://www.wikidata.org/entity/Q193605,lullaby
http://www.wikidata.org/entity/Q502886,Madchester
http://www.wikidata.org/entity/Q193217,madrigal
http://www.wikidata.org/entity/Q25230739,Mahraganat
http://www.wikidata.org/entity/Q3048168,Mákina
http://www.wikidata.org/entity/Q1815364,Makossa
http://www.wikidata.org/entity/Q6742056,Malaysian hip hop
http://www.wikidata.org/entity/Q6742070,Malaysian pop
http://www.wikidata.org/entity/Q80725067,mallsoft
http://www.wikidata.org/entity/Q496929,Maloya
http://www.wikidata.org/entity/Q1646666,mambo
http://www.wikidata.org/entity/Q3328711,Mandingo music
http://www.wikidata.org/entity/Q973150,mandopop
http://www.wikidata.org/entity/Q642983,Manele
http://www.wikidata.org/entity/Q1759189,mangue bit
http://www.wikidata.org/entity/Q6749708,Manila sound
http://www.wikidata.org/entity/Q1753071,Maracatu
http://www.wikidata.org/entity/Q464129,Mariachi
http://www.wikidata.org/entity/Q106876493,marimba music
http://www.wikidata.org/entity/Q1786724,Marrabenta
http://www.wikidata.org/entity/Q1078010,martial industrial
http://www.wikidata.org/entity/Q6783396,Maskandi
http://www.wikidata.org/entity/Q1132152,math rock
http://www.wikidata.org/entity/Q616679,mathcore
http://www.wikidata.org/entity/Q556959,Mbalax
http://www.wikidata.org/entity/Q6799695,Mbira music
http://www.wikidata.org/entity/Q641318,Medieval folk rock
http://www.wikidata.org/entity/Q163775,medieval music
http://www.wikidata.org/entity/Q20047305,Melbourne bounce
http://www.wikidata.org/entity/Q2997058,melodic black metal
http://www.wikidata.org/entity/Q253918,melodic death metal
http://www.wikidata.org/entity/Q106404229,melodic dubstep
http://www.wikidata.org/entity/Q542703,melodic hardcore
http://www.wikidata.org/entity/Q4490718,melodic metalcore
http://www.wikidata.org/entity/Q509901,Memphis blues
http://www.wikidata.org/entity/Q3510161,Memphis soul
http://www.wikidata.org/entity/Q1262697,Mento
http://www.wikidata.org/entity/Q282131,merengue
http://www.wikidata.org/entity/Q6819034,Merengue típico
http://www.wikidata.org/entity/Q2344635,Mersey Beat
http://www.wikidata.org/entity/Q12326776,metal music
http://www.wikidata.org/entity/Q183862,metalcore
http://www.wikidata.org/entity/Q16942073,Mexican classical music
http://www.wikidata.org/entity/Q85785117,Mexican hip hop
http://www.wikidata.org/entity/Q6036478,Mexican marimba music
http://www.wikidata.org/entity/Q6826078,Mexican pop music
http://www.wikidata.org/entity/Q3437861,Mexican rock music
http://www.wikidata.org/entity/Q65434338,Mezmur
http://www.wikidata.org/entity/Q546206,Miami bass
http://www.wikidata.org/entity/Q1931555,microhouse
http://www.wikidata.org/entity/Q39052425,Midwest emo
http://www.wikidata.org/entity/Q4993817,military cadence
http://www.wikidata.org/entity/Q901610,Min'yō
http://www.wikidata.org/entity/Q750811,minimal house
http://www.wikidata.org/entity/Q98528171,minimal synth
http://www.wikidata.org/entity/Q1430587,minimal techno
http://www.wikidata.org/entity/Q6865341,minimal wave
http://www.wikidata.org/entity/Q6868046,Minneapolis sound
http://www.wikidata.org/entity/Q830634,Minnesang
http://www.wikidata.org/entity/Q2738544,Mizrahi music
http://www.wikidata.org/entity/Q2280273,mod revival
http://www.wikidata.org/entity/Q65937937,modern blues
http://www.wikidata.org/entity/Q1037693,modern rock
http://www.wikidata.org/entity/Q107033631,Mongolian hip hop
http://www.wikidata.org/entity/Q106560659,Mongolian pop
http://www.wikidata.org/entity/Q21092,moombahton
http://www.wikidata.org/entity/Q1753803,Mor lam
http://www.wikidata.org/entity/Q6912676,Mormon music
http://www.wikidata.org/entity/Q502535,morna
http://www.wikidata.org/entity/Q2961759,Moroccan chaabi
http://www.wikidata.org/entity/Q16977816,Moroccan pop
http://www.wikidata.org/entity/Q65937972,Motown
http://www.wikidata.org/entity/Q1452181,murga
http://www.wikidata.org/entity/Q940462,music hall
http://www.wikidata.org/entity/Q2404891,music of Acadia
http://www.wikidata.org/entity/Q6941994,music of Andorra
http://www.wikidata.org/entity/Q3808055,music of Catalonia
http://www.wikidata.org/entity/Q3109641,music of East Timor
http://www.wikidata.org/entity/Q15221176,music of Guadeloupe
http://www.wikidata.org/entity/Q6942263,music of Sardinia
http://www.wikidata.org/entity/Q106506985,music of the Caucasus
http://www.wikidata.org/entity/Q6942358,music of the Comoros
http://www.wikidata.org/entity/Q2916253,music of the Trecento
http://www.wikidata.org/entity/Q1046768,música popular brasileira
http://www.wikidata.org/entity/Q823560,musique concrète
http://www.wikidata.org/entity/Q783874,nasheed
http://www.wikidata.org/entity/Q1751782,Nashville sound
http://www.wikidata.org/entity/Q6979961,Native American hip hop
http://www.wikidata.org/entity/Q1936659,Nederpop
http://www.wikidata.org/entity/Q268253,neo soul
http://www.wikidata.org/entity/Q725011,neo-classical metal
http://www.wikidata.org/entity/Q1051843,neo-progressive rock
http://www.wikidata.org/entity/Q65943390,neo-rockabilly
http://www.wikidata.org/entity/Q899116,neoclassical dark wave
http://www.wikidata.org/entity/Q106576145,neoclassical music
http://www.wikidata.org/entity/Q775614,neofolk
http://www.wikidata.org/entity/Q25099691,neon pop-punk
http://www.wikidata.org/entity/Q16979361,neotango
http://www.wikidata.org/entity/Q458480,neotraditional country
http://www.wikidata.org/entity/Q19672555,nerd-folk
http://www.wikidata.org/entity/Q1754592,nerdcore
http://www.wikidata.org/entity/Q213572,Neue Deutsche Härte
http://www.wikidata.org/entity/Q1362878,Neue Deutsche Todeskunst
http://www.wikidata.org/entity/Q646679,Neue Deutsche Welle
http://www.wikidata.org/entity/Q1524296,Neue Volksmusik
http://www.wikidata.org/entity/Q967654,neurofunk
http://www.wikidata.org/entity/Q213121,new age music
http://www.wikidata.org/entity/Q1890098,new beat
http://www.wikidata.org/entity/Q3053954,new flamenco
http://www.wikidata.org/entity/Q840065,new jack swing
http://www.wikidata.org/entity/Q18217098,New Mexico music
http://www.wikidata.org/entity/Q516568,New Orleans blues
http://www.wikidata.org/entity/Q1982426,New Orleans jazz
http://www.wikidata.org/entity/Q1995980,new rave
http://www.wikidata.org/entity/Q597240,New Romantic
http://www.wikidata.org/entity/Q187760,new wave
http://www.wikidata.org/entity/Q646528,new wave music in Yugoslavia
http://www.wikidata.org/entity/Q370515,new wave of British heavy metal
http://www.wikidata.org/entity/Q85846779,New wave of traditional heavy metal
http://www.wikidata.org/entity/Q1811682,New Weird America
http://www.wikidata.org/entity/Q1414858,New York death metal
http://www.wikidata.org/entity/Q1983116,New York hardcore
http://www.wikidata.org/entity/Q3437867,New Zealand rock music
http://www.wikidata.org/entity/Q2835456,Nigerian hip hop
http://www.wikidata.org/entity/Q3876770,nightcore
http://www.wikidata.org/entity/Q2035976,Nintendocore
http://www.wikidata.org/entity/Q12881722,Nisiotika
http://www.wikidata.org/entity/Q4706203,Nitzhonot
http://www.wikidata.org/entity/Q823080,no wave
http://www.wikidata.org/entity/Q726239,noise music
http://www.wikidata.org/entity/Q2545135,noise pop
http://www.wikidata.org/entity/Q181861,noise rock
http://www.wikidata.org/entity/Q89423271,noisecore
http://www.wikidata.org/entity/Q7050752,Nordic folk music
http://www.wikidata.org/entity/Q1780056,norteña
http://www.wikidata.org/entity/Q1928583,Northern soul
http://www.wikidata.org/entity/Q773084,Norwegian hip hop
http://www.wikidata.org/entity/Q6082625,Norwegian pop music
http://www.wikidata.org/entity/Q3437862,Norwegian rock
http://www.wikidata.org/entity/Q2002705,Nouvelle Chanson
http://www.wikidata.org/entity/Q254890,Nova Cançó
http://www.wikidata.org/entity/Q1151663,novelty music
http://www.wikidata.org/entity/Q3879179,nu gaze
http://www.wikidata.org/entity/Q1136331,nu jazz
http://www.wikidata.org/entity/Q263734,nu metal
http://www.wikidata.org/entity/Q39052604,nu metalcore
http://www.wikidata.org/entity/Q1756101,nu skool breaks
http://www.wikidata.org/entity/Q4045538,nu-disco
http://www.wikidata.org/entity/Q1151259,nueva canción
http://www.wikidata.org/entity/Q1632601,nuevo tango
http://www.wikidata.org/entity/Q98528251,nyahbinghi
http://www.wikidata.org/entity/Q15975701,Oberkrainer music
http://www.wikidata.org/entity/Q274401,Oi!
http://www.wikidata.org/entity/Q7085499,Old time fiddle
http://www.wikidata.org/entity/Q868855,old-school hip hop
http://www.wikidata.org/entity/Q972424,old-time music
http://www.wikidata.org/entity/Q1344,opera
http://www.wikidata.org/entity/Q11885649,opera metal
http://www.wikidata.org/entity/Q2336819,operatic pop
http://www.wikidata.org/entity/Q170384,operetta
http://www.wikidata.org/entity/Q2659045,Oriental metal
http://www.wikidata.org/entity/Q107565104,original Pilipino music
http://www.wikidata.org/entity/Q278357,Oshare kei
http://www.wikidata.org/entity/Q1518063,Ottoman classical music
http://www.wikidata.org/entity/Q964658,outlaw country
http://www.wikidata.org/entity/Q18358879,outsider house
http://www.wikidata.org/entity/Q2416307,outsider music
http://www.wikidata.org/entity/Q577080,P-Funk
http://www.wikidata.org/entity/Q12882577,pagan black metal
http://www.wikidata.org/entity/Q3360459,pagode
http://www.wikidata.org/entity/Q25448883,pagode baiano
http://www.wikidata.org/entity/Q10343541,pagode romântico
http://www.wikidata.org/entity/Q1432934,Paisley Underground
http://www.wikidata.org/entity/Q7125896,Pakistani hip hop
http://www.wikidata.org/entity/Q7125908,Pakistani pop
http://www.wikidata.org/entity/Q7125918,Pakistani rock
http://www.wikidata.org/entity/Q3322869,Palm Desert Scene
http://www.wikidata.org/entity/Q7134728,Paraguayan polka
http://www.wikidata.org/entity/Q6110316,Paraguayan rock
http://www.wikidata.org/entity/Q2746731,parody music
http://www.wikidata.org/entity/Q1420722,partido alto
http://www.wikidata.org/entity/Q11223087,Persian traditional music
http://www.wikidata.org/entity/Q7171184,Peruvian cumbia
http://www.wikidata.org/entity/Q5898242,Peruvian hip hop
http://www.wikidata.org/entity/Q3437873,Peruvian rock
http://www.wikidata.org/entity/Q1546028,Philadelphia soul
http://www.wikidata.org/entity/Q6665252,Phleng phuea chiwit
http://www.wikidata.org/entity/Q90568328,Phonk
http://www.wikidata.org/entity/Q2603965,piano blues
http://www.wikidata.org/entity/Q2090023,piano rock
http://www.wikidata.org/entity/Q1109497,Piedmont blues
http://www.wikidata.org/entity/Q7196456,Pinoy hip hop
http://www.wikidata.org/entity/Q7196459,Pinoy reggae
http://www.wikidata.org/entity/Q3388814,Pinoy rock
http://www.wikidata.org/entity/Q1457753,pìobaireachd
http://www.wikidata.org/entity/Q106547262,Pisadinha
http://www.wikidata.org/entity/Q104503881,plena uruguaya
http://www.wikidata.org/entity/Q7205507,Plunderphonics
http://www.wikidata.org/entity/Q11822344,Polish folk music
http://www.wikidata.org/entity/Q2102553,Polish hip hop
http://www.wikidata.org/entity/Q7210038,Polish jazz
http://www.wikidata.org/entity/Q7210069,Polish reggae
http://www.wikidata.org/entity/Q7210075,Polish rock
http://www.wikidata.org/entity/Q106647671,Polish sung poetry
http://www.wikidata.org/entity/Q969663,political hip hop
http://www.wikidata.org/entity/Q153071,polka
http://www.wikidata.org/entity/Q179465,polyphony
http://www.wikidata.org/entity/Q37073,pop music
http://www.wikidata.org/entity/Q487914,pop punk
http://www.wikidata.org/entity/Q2572585,pop rap
http://www.wikidata.org/entity/Q484641,pop rock
http://www.wikidata.org/entity/Q11700065,pop soul
http://www.wikidata.org/entity/Q584752,pornogrind
http://www.wikidata.org/entity/Q3069904,porro
http://www.wikidata.org/entity/Q106556293,Portuguese folk music
http://www.wikidata.org/entity/Q3092733,Portuguese rock
http://www.wikidata.org/entity/Q1878514,post-black metal
http://www.wikidata.org/entity/Q1190485,post-disco
http://www.wikidata.org/entity/Q379671,post-grunge
http://www.wikidata.org/entity/Q377910,post-hardcore
http://www.wikidata.org/entity/Q41343,post-metal
http://www.wikidata.org/entity/Q98528143,post-minimalism
http://www.wikidata.org/entity/Q598929,post-punk
http://www.wikidata.org/entity/Q209137,post-rock
http://www.wikidata.org/entity/Q2687544,power electronics
http://www.wikidata.org/entity/Q57143,power metal
http://www.wikidata.org/entity/Q1913888,power noise
http://www.wikidata.org/entity/Q837837,power pop
http://www.wikidata.org/entity/Q1784106,powerviolence
http://www.wikidata.org/entity/Q3307225,progressive bluegrass
http://www.wikidata.org/entity/Q25389262,progressive breaks
http://www.wikidata.org/entity/Q542971,progressive death metal
http://www.wikidata.org/entity/Q915152,progressive house
http://www.wikidata.org/entity/Q484344,progressive metal
http://www.wikidata.org/entity/Q30587784,progressive metalcore
http://www.wikidata.org/entity/Q2385862,progressive psytrance
http://www.wikidata.org/entity/Q49451,progressive rock
http://www.wikidata.org/entity/Q2260696,progressive trance
http://www.wikidata.org/entity/Q27190,protopunk
http://www.wikidata.org/entity/Q749475,psybient
http://www.wikidata.org/entity/Q11680297,psychedelic breakbeat
http://www.wikidata.org/entity/Q1500364,psychedelic folk
http://www.wikidata.org/entity/Q2106887,psychedelic hip hop
http://www.wikidata.org/entity/Q383982,psychedelic pop
http://www.wikidata.org/entity/Q206159,psychedelic rock
http://www.wikidata.org/entity/Q2743435,psychedelic soul
http://www.wikidata.org/entity/Q622871,psychedelic trance
http://www.wikidata.org/entity/Q13627677,psychobilly
http://www.wikidata.org/entity/Q24077837,Psydub
http://www.wikidata.org/entity/Q1431327,pub rock
http://www.wikidata.org/entity/Q8564213,Punjabi folk music
http://www.wikidata.org/entity/Q2551540,punk blues
http://www.wikidata.org/entity/Q25554481,punk music
http://www.wikidata.org/entity/Q1307555,punk'n'roll
http://www.wikidata.org/entity/Q283405,punta
http://www.wikidata.org/entity/Q3410876,punta rock
http://www.wikidata.org/entity/Q98528158,purple sound
http://www.wikidata.org/entity/Q7263021,Pygmy music
http://www.wikidata.org/entity/Q512410,Qawwali
http://www.wikidata.org/entity/Q3135794,Quebec hip hop
http://www.wikidata.org/entity/Q930995,queercore
http://www.wikidata.org/entity/Q2746831,quiet storm
http://www.wikidata.org/entity/Q3345491,Rabindra Sangeet
http://www.wikidata.org/entity/Q1702909,Raga rock
http://www.wikidata.org/entity/Q2710523,ragga jungle
http://www.wikidata.org/entity/Q185652,ragtime
http://www.wikidata.org/entity/Q839029,Raï
http://www.wikidata.org/entity/Q877342,rakugo
http://www.wikidata.org/entity/Q727634,ranchera
http://www.wikidata.org/entity/Q6010,rap
http://www.wikidata.org/entity/Q856872,rap metal
http://www.wikidata.org/entity/Q877693,rap rock
http://www.wikidata.org/entity/Q4390945,rautalanka
http://www.wikidata.org/entity/Q898709,rave music
http://www.wikidata.org/entity/Q28328303,Raw Black Metal
http://www.wikidata.org/entity/Q21000514,rawstyle
http://www.wikidata.org/entity/Q220528,Rebetiko
http://www.wikidata.org/entity/Q3422697,Red Dirt
http://www.wikidata.org/entity/Q9794,reggae
http://www.wikidata.org/entity/Q500879,reggae en Español
http://www.wikidata.org/entity/Q1606591,reggae fusion
http://www.wikidata.org/entity/Q7308175,reggae rock
http://www.wikidata.org/entity/Q202930,reggaeton
http://www.wikidata.org/entity/Q7309098,regional Mexican
http://www.wikidata.org/entity/Q201405,Renaissance music
http://www.wikidata.org/entity/Q6106812,retro-soul
http://www.wikidata.org/entity/Q221438,rhumba
http://www.wikidata.org/entity/Q45981,rhythm and blues
http://www.wikidata.org/entity/Q852209,riddim
http://www.wikidata.org/entity/Q677542,Riot grrrl
http://www.wikidata.org/entity/Q12671486,ritual ambient
http://www.wikidata.org/entity/Q7749,rock and roll
http://www.wikidata.org/entity/Q2994332,rock en Español
http://www.wikidata.org/entity/Q1752801,Rock in Opposition
http://www.wikidata.org/entity/Q12702016,rock kapak
http://www.wikidata.org/entity/Q11399,rock music
http://www.wikidata.org/entity/Q203720,rockabilly
http://www.wikidata.org/entity/Q573484,rocksteady
http://www.wikidata.org/entity/Q98528265,Romanian folk music
http://www.wikidata.org/entity/Q3419345,Romanian hip hop
http://www.wikidata.org/entity/Q7362666,Romanian rock
http://www.wikidata.org/entity/Q1299260,roots reggae
http://www.wikidata.org/entity/Q1929352,roots rock
http://www.wikidata.org/entity/Q1891685,Russian chanson
http://www.wikidata.org/entity/Q3785732,Russian hip hop
http://www.wikidata.org/entity/Q107539809,Russian indie music
http://www.wikidata.org/entity/Q378495,Russian pop
http://www.wikidata.org/entity/Q2624785,Russian rock
http://www.wikidata.org/entity/Q4400837,Russian romance
http://www.wikidata.org/entity/Q4400498,Russian traditional music
http://www.wikidata.org/entity/Q7385628,Ryūkōka
http://www.wikidata.org/entity/Q7397320,Sacred Steel
http://www.wikidata.org/entity/Q2369761,salon music
http://www.wikidata.org/entity/Q208239,salsa
http://www.wikidata.org/entity/Q20016116,salsa choke
http://www.wikidata.org/entity/Q11403,samba
http://www.wikidata.org/entity/Q9300201,samba de roda
http://www.wikidata.org/entity/Q455686,samba reggae
http://www.wikidata.org/entity/Q108556056,samba soul
http://www.wikidata.org/entity/Q3470692,samba-enredo
http://www.wikidata.org/entity/Q13634037,samba-jazz
http://www.wikidata.org/entity/Q834959,samba-rock
http://www.wikidata.org/entity/Q3179786,sambass
http://www.wikidata.org/entity/Q7409412,Sami music
http://www.wikidata.org/entity/Q106594784,sasscore
http://www.wikidata.org/entity/Q959583,schlager music
http://www.wikidata.org/entity/Q700440,Schrammelmusik
http://www.wikidata.org/entity/Q307054,Schranz
http://www.wikidata.org/entity/Q17018487,Scottish folk music
http://www.wikidata.org/entity/Q7438078,Scottish hip-hop
http://www.wikidata.org/entity/Q106522190,scouse house
http://www.wikidata.org/entity/Q11363,screamo
http://www.wikidata.org/entity/Q1195253,sea shanty
http://www.wikidata.org/entity/Q1781796,Sega music
http://www.wikidata.org/entity/Q1470503,semba
http://www.wikidata.org/entity/Q25047660,Serbian folk music
http://www.wikidata.org/entity/Q3135801,Serbian hip hop
http://www.wikidata.org/entity/Q507246,serialism
http://www.wikidata.org/entity/Q1958273,sertanejo
http://www.wikidata.org/entity/Q10370558,sertanejo universitário
http://www.wikidata.org/entity/Q674684,sevdalinka
http://www.wikidata.org/entity/Q976634,sevillanas
http://www.wikidata.org/entity/Q16323732,Shaabi
http://www.wikidata.org/entity/Q3868631,shamanic music
http://www.wikidata.org/entity/Q1207347,Shibuya-kei
http://www.wikidata.org/entity/Q272167,shoegaze
http://www.wikidata.org/entity/Q661651,show tune
http://www.wikidata.org/entity/Q101440473,sierreña
http://www.wikidata.org/entity/Q89363113,singer-songwriter music
http://www.wikidata.org/entity/Q54365,ska
http://www.wikidata.org/entity/Q183016,ska jazz
http://www.wikidata.org/entity/Q460674,ska punk
http://www.wikidata.org/entity/Q828305,skate punk
http://www.wikidata.org/entity/Q606089,skiffle
http://www.wikidata.org/entity/Q888137,skweee
http://www.wikidata.org/entity/Q108123046,slacker rock
http://www.wikidata.org/entity/Q6130346,slam death metal
http://www.wikidata.org/entity/Q2293670,slam poetry
http://www.wikidata.org/entity/Q106493832,slap house
http://www.wikidata.org/entity/Q1785028,sleaze rock
http://www.wikidata.org/entity/Q7541571,Slovak folk music
http://www.wikidata.org/entity/Q3785733,Slovak hip hop
http://www.wikidata.org/entity/Q108321843,Slovenian folk music
http://www.wikidata.org/entity/Q7541854,Slovenian hip hop
http://www.wikidata.org/entity/Q3437876,Slovenian rock
http://www.wikidata.org/entity/Q1490170,slowcore
http://www.wikidata.org/entity/Q720959,sludge metal
http://www.wikidata.org/entity/Q831354,smooth jazz
http://www.wikidata.org/entity/Q3963051,smooth soul
http://www.wikidata.org/entity/Q1051735,soca music
http://www.wikidata.org/entity/Q217191,soft rock
http://www.wikidata.org/entity/Q4428744,son cubano
http://www.wikidata.org/entity/Q1797650,son jarocho
http://www.wikidata.org/entity/Q6825988,son mexicano
http://www.wikidata.org/entity/Q7561194,Song poem
http://www.wikidata.org/entity/Q264289,sophisti-pop
http://www.wikidata.org/entity/Q1752683,soukous
http://www.wikidata.org/entity/Q2521569,soul blues
http://www.wikidata.org/entity/Q1615483,soul jazz
http://www.wikidata.org/entity/Q131272,soul music
http://www.wikidata.org/entity/Q60729751,soulful house
http://www.wikidata.org/entity/Q1744304,sound collage
http://www.wikidata.org/entity/Q7565881,South African jazz
http://www.wikidata.org/entity/Q2022163,Southern gospel
http://www.wikidata.org/entity/Q1253172,Southern hip hop
http://www.wikidata.org/entity/Q56353998,Southern metal
http://www.wikidata.org/entity/Q852767,Southern rock
http://www.wikidata.org/entity/Q1567032,Southern soul
http://www.wikidata.org/entity/Q30895273,Sovietwave
http://www.wikidata.org/entity/Q1779294,Space age pop
http://www.wikidata.org/entity/Q16625659,space ambient
http://www.wikidata.org/entity/Q236913,space rock
http://www.wikidata.org/entity/Q98528259,Spanish folk music
http://www.wikidata.org/entity/Q2258450,Spanish hip hop
http://www.wikidata.org/entity/Q7573410,Spanish jazz
http://www.wikidata.org/entity/Q2385634,Spanish progressive rock
http://www.wikidata.org/entity/Q3437832,Spanish rock
http://www.wikidata.org/entity/Q780517,speed garage
http://www.wikidata.org/entity/Q211723,speed metal
http://www.wikidata.org/entity/Q848457,Speedcore
http://www.wikidata.org/entity/Q98528204,spiritual jazz
http://www.wikidata.org/entity/Q212024,spirituals
http://www.wikidata.org/entity/Q108676430,spoken word recordings
http://www.wikidata.org/entity/Q7602145,starogradska muzika
http://www.wikidata.org/entity/Q106582953,steampunk music
http://www.wikidata.org/entity/Q108539884,stomp and flutter
http://www.wikidata.org/entity/Q1772422,stoner metal
http://www.wikidata.org/entity/Q617240,stoner rock
http://www.wikidata.org/entity/Q2353203,straight-ahead jazz
http://www.wikidata.org/entity/Q2832970,streektaal
http://www.wikidata.org/entity/Q383615,street punk
http://www.wikidata.org/entity/Q181897,stride
http://www.wikidata.org/entity/Q11487510,string quartet
http://www.wikidata.org/entity/Q1519864,sung poetry
http://www.wikidata.org/entity/Q2461933,sunshine pop
http://www.wikidata.org/entity/Q2497323,suomisaundi
http://www.wikidata.org/entity/Q220830,surf music
http://www.wikidata.org/entity/Q107697441,surf punk
http://www.wikidata.org/entity/Q534606,swamp blues
http://www.wikidata.org/entity/Q106522115,swamp pop
http://www.wikidata.org/entity/Q675553,swamp rock
http://www.wikidata.org/entity/Q94119778,Swedish classical music
http://www.wikidata.org/entity/Q2682013,Swedish death metal
http://www.wikidata.org/entity/Q204067,Swedish hip hop
http://www.wikidata.org/entity/Q7655004,Swedish jazz
http://www.wikidata.org/entity/Q7260406,Swedish punk
http://www.wikidata.org/entity/Q70985836,Swedish soul
http://www.wikidata.org/entity/Q203775,swing music
http://www.wikidata.org/entity/Q447962,Swing revival
http://www.wikidata.org/entity/Q1337973,Swiss hip hop
http://www.wikidata.org/entity/Q3437879,Swiss rock
http://www.wikidata.org/entity/Q1621467,symphonic black metal
http://www.wikidata.org/entity/Q486415,symphonic metal
http://www.wikidata.org/entity/Q31930766,symphonic power metal
http://www.wikidata.org/entity/Q719927,symphonic rock
http://www.wikidata.org/entity/Q30632022,synth-funk
http://www.wikidata.org/entity/Q1298934,synth-pop
http://www.wikidata.org/entity/Q476983,synth-punk
http://www.wikidata.org/entity/Q19938910,synthwave
http://www.wikidata.org/entity/Q1564596,Taarab
http://www.wikidata.org/entity/Q7676613,Taiwanese hip hop
http://www.wikidata.org/entity/Q278409,Taiwanese pop
http://www.wikidata.org/entity/Q7676623,Taiwanese rock
http://www.wikidata.org/entity/Q107192370,Tajik traditional music
http://www.wikidata.org/entity/Q17153632,Tallava
http://www.wikidata.org/entity/Q105099967,Tambora music
http://www.wikidata.org/entity/Q10295992,tanci
http://www.wikidata.org/entity/Q16637763,tango canción
http://www.wikidata.org/entity/Q14390274,tango music
http://www.wikidata.org/entity/Q324617,tarantella
http://www.wikidata.org/entity/Q4452477,Tatar folk music
http://www.wikidata.org/entity/Q48941193,Tatar pop music
http://www.wikidata.org/entity/Q598593,tech house
http://www.wikidata.org/entity/Q2302695,tech trance
http://www.wikidata.org/entity/Q1076092,technical death metal
http://www.wikidata.org/entity/Q170611,techno
http://www.wikidata.org/entity/Q11319232,techno kayō
http://www.wikidata.org/entity/Q10932272,technobanda
http://www.wikidata.org/entity/Q1634085,tecno brega
http://www.wikidata.org/entity/Q739138,teen pop
http://www.wikidata.org/entity/Q431415,tejano music
http://www.wikidata.org/entity/Q1265050,Terrorcore
http://www.wikidata.org/entity/Q107197766,Tex-Mex
http://www.wikidata.org/entity/Q1271752,Texas blues
http://www.wikidata.org/entity/Q14493900,Texas country music
http://www.wikidata.org/entity/Q106928658,Thai folk music
http://www.wikidata.org/entity/Q6654795,Thai hip hop
http://www.wikidata.org/entity/Q85806181,Thai idol
http://www.wikidata.org/entity/Q3328764,Thai pop music
http://www.wikidata.org/entity/Q3304143,Thai rock
http://www.wikidata.org/entity/Q108676555,therapy music
http://www.wikidata.org/entity/Q483352,thrash metal
http://www.wikidata.org/entity/Q1067089,throat singing
http://www.wikidata.org/entity/Q371745,timba
http://www.wikidata.org/entity/Q1121111,Tin Pan Alley
http://www.wikidata.org/entity/Q1136047,torch song
http://www.wikidata.org/entity/Q7832321,traditional bluegrass
http://www.wikidata.org/entity/Q65943778,traditional country
http://www.wikidata.org/entity/Q235858,traditional folk music
http://www.wikidata.org/entity/Q7832297,traditional Japanese music
http://www.wikidata.org/entity/Q1432540,Trallalero
http://www.wikidata.org/entity/Q170435,trance
http://www.wikidata.org/entity/Q922865,trancecore
http://www.wikidata.org/entity/Q47781397,trap (EDM)
http://www.wikidata.org/entity/Q2913982,trap music
http://www.wikidata.org/entity/Q7844612,tribal guarachero
http://www.wikidata.org/entity/Q202925,tribal house
http://www.wikidata.org/entity/Q205560,trip hop
http://www.wikidata.org/entity/Q18342587,tropical house
http://www.wikidata.org/entity/Q1413061,tropicália
http://www.wikidata.org/entity/Q485915,trot
http://www.wikidata.org/entity/Q2420447,trova
http://www.wikidata.org/entity/Q7847156,truck-driving country
http://www.wikidata.org/entity/Q6153818,Tunantada
http://www.wikidata.org/entity/Q786815,turbo-folk
http://www.wikidata.org/entity/Q107540971,Turkish alternative music
http://www.wikidata.org/entity/Q1810546,Turkish folk music
http://www.wikidata.org/entity/Q2464833,Turkish hip hop
http://www.wikidata.org/entity/Q7855391,Turkish pop music
http://www.wikidata.org/entity/Q98091634,Turkish rock
http://www.wikidata.org/entity/Q1046801,turntablism
http://www.wikidata.org/entity/Q370778,twee pop
http://www.wikidata.org/entity/Q2406900,Twoubadou
http://www.wikidata.org/entity/Q1750088,UK 82
http://www.wikidata.org/entity/Q65943851,UK drill
http://www.wikidata.org/entity/Q9364028,UK funky
http://www.wikidata.org/entity/Q1165777,UK garage
http://www.wikidata.org/entity/Q66364245,Ukrainian folk music
http://www.wikidata.org/entity/Q7878542,Ukrainian hip hop
http://www.wikidata.org/entity/Q19901725,Ukrainian metal
http://www.wikidata.org/entity/Q16152327,Ukrainian pop music
http://www.wikidata.org/entity/Q2370159,Ukrainian rock
http://www.wikidata.org/entity/Q2398226,Umeå hardcore
http://www.wikidata.org/entity/Q970409,unblack metal
http://www.wikidata.org/entity/Q965635,underground hip hop
http://www.wikidata.org/entity/Q1136765,uplifting trance
http://www.wikidata.org/entity/Q106594174,uptempo hardcore
http://www.wikidata.org/entity/Q2529400,urban contemporary
http://www.wikidata.org/entity/Q5967604,urban contemporary gospel
http://www.wikidata.org/entity/Q7901509,Uruguayan rock
http://www.wikidata.org/entity/Q108665742,US power metal
http://www.wikidata.org/entity/Q107539696,Uzbek pop music
http://www.wikidata.org/entity/Q107192506,Uzbek traditional music
http://www.wikidata.org/entity/Q5398894,V-pop
http://www.wikidata.org/entity/Q1574985,vallenato
http://www.wikidata.org/entity/Q80724932,vaportrap
http://www.wikidata.org/entity/Q15733887,vaporwave
http://www.wikidata.org/entity/Q56298115,Vegan Straight Edge
http://www.wikidata.org/entity/Q7919872,Venezuelan rock
http://www.wikidata.org/entity/Q1062702,video game music
http://www.wikidata.org/entity/Q61127902,Vietnamese bolero
http://www.wikidata.org/entity/Q3437891,Vietnamese rock
http://www.wikidata.org/entity/Q213149,Viking metal
http://www.wikidata.org/entity/Q1232283,villancico
http://www.wikidata.org/entity/Q963369,vispop
http://www.wikidata.org/entity/Q131425,visual kei
http://www.wikidata.org/entity/Q173844,vocal house
http://www.wikidata.org/entity/Q1530455,vocal jazz
http://www.wikidata.org/entity/Q1027999,vocal trance
http://www.wikidata.org/entity/Q2532274,Volkstümliche Musik
http://www.wikidata.org/entity/Q13586773,war metal
http://www.wikidata.org/entity/Q7972788,Wassoulou music
http://www.wikidata.org/entity/Q108610653,water recordings
http://www.wikidata.org/entity/Q106369996,wave
http://www.wikidata.org/entity/Q106654239,weightless
http://www.wikidata.org/entity/Q48297861,Welsh folk music
http://www.wikidata.org/entity/Q106635221,West Asian folk music
http://www.wikidata.org/entity/Q429264,West Coast hip hop
http://www.wikidata.org/entity/Q9730,Western classical music
http://www.wikidata.org/entity/Q1425111,Western music (country)
http://www.wikidata.org/entity/Q1730388,Western swing
http://www.wikidata.org/entity/Q108064910,whale song recordings
http://www.wikidata.org/entity/Q28856774,wind music
http://www.wikidata.org/entity/Q1840167,witch house
http://www.wikidata.org/entity/Q3296134,wizard rock
http://www.wikidata.org/entity/Q8031215,women's music
http://www.wikidata.org/entity/Q1136045,wonky
http://www.wikidata.org/entity/Q4020968,World fusion music
http://www.wikidata.org/entity/Q205049,world music
http://www.wikidata.org/entity/Q8044676,Xinyao
http://www.wikidata.org/entity/Q28401124,yacht rock
http://www.wikidata.org/entity/Q1636684,yé-yé
http://www.wikidata.org/entity/Q106654149,yiddish folksong
http://www.wikidata.org/entity/Q41923,yodeling
http://www.wikidata.org/entity/Q3106448,zamba
http://www.wikidata.org/entity/Q196999,Zeuhl
http://www.wikidata.org/entity/Q10874829,Zhongguo feng
http://www.wikidata.org/entity/Q8072085,Zimbabwean hip hop
http://www.wikidata.org/entity/Q17108017,Zimdancehall
http://www.wikidata.org/entity/Q106654134,zolo
http://www.wikidata.org/entity/Q227036,zouglou
http://www.wikidata.org/entity/Q227045,zouk
http://www.wikidata.org/entity/Q245296,Zydeco
