city_id,city
Q2766547,'s-Hertogenbosch
Q335708,6th of October City
Q8757,A Coruña
Q1017,Aachen
Q25410,Aalborg
Q25319,Aarhus
Q202162,Aba
Q63049,Abadan
Q1615298,Abaetetuba
Q875,Abakan
Q271730,Abbotsford
Q170315,Abbottabad
Q206484,Abeokuta
Q36405,Aberdeen
Q190948,Abha
Q1515,Abidjan
Q243859,Abiko
Q128295,Abilene
Q536569,"Abreu e Lima, Pernambuco"
Q1519,Abu Dhabi
Q3787,Abuja
Q1763534,Açailândia
Q81398,Acapulco
Q338059,Acarigua
Q3761,Accra
Q104232,Achinsk
Q38545,Adana
Q28320680,Adana Metropolitan Municipality
Q175323,Adapazarı
Q3624,Addis Ababa
Q5112,Adelaide
Q131694,Aden
Q168197,Adıyaman
Q4262671,Adlersky City District
Q490906,Adoni
Q166824,Afyonkarahisar
Q170525,Agadir
Q170454,Agartala
Q163888,Ageo
Q42941,Agra
Q199575,Ağrı
Q249830,Águas Lindas de Goiás
Q200805,Aguascalientes City
Q911727,Ahar
Q1070,Ahmedabad
Q223517,Ahmednagar
Q186935,Ahuachapán
Q170366,Ahwaz
Q2384142,Ait Melloul
Q47465,Aix-en-Provence
Q237699,Aizuwakamatsu
Q530171,Ajman
Q26406,Akashi
Q424700,Akçakale
Q340572,Akhmim
Q212494,Akishima
Q17139,Akita
Q213014,Akola
Q163132,Akron
Q182025,Aksaray
Q198989,Aktau
Q477232,Aktobe
Q234600,Al Ain
Q35784,Al Bayda
Q694939,Al Diwaniyah
Q4120519,Al Hawiyah
Q270041,Al Hudaydah
Q311266,Al Khobar
Q310892,al-Bab
Q1164081,Al-Faw
Q1822816,Al-Hajar al-Aswad
Q311341,Al-Hasa
Q311321,Al-Hasakah
Q1378794,Al-Mada'in
Q601130,Al-Thuqbah
Q309475,Al-Ubayyid
Q22050101,Alagoinhas
Q171810,Alanya
Q15095,Albacete
Q24861,Albany
Q1637702,Alberton
Q34804,Albuquerque
Q46940,Alcalá de Henares
Q161144,Alchevsk
Q41183,Aleppo
Q87,Alexandria
Q3561,Algiers
Q996748,Aliağa
Q11959,Alicante
Q201832,Aligarh
Q162442,Allahabad
Q33147,Allen
Q328015,Almada
Q35493,Almaty
Q83178,Almere
Q10400,Almería
Q103483,Almetyevsk
Q1650078,Almirante Tamandaré
Q434285,Altamira
Q449593,Alvorada
Q2722762,Alwar
Q189166,Amadora
Q213318,Amagasaki
Q366010,Amarah
Q51691,Amarillo
Q170532,Amasya
Q210161,Ambato
Q18970,Ambon
Q467421,Americana
Q41604,Amiens
Q3805,Amman
Q331078,Amol
Q48403,Amritsar
Q727,Amsterdam
Q1897488,Anaco
Q49247,Anaheim
Q485887,Ananindeua
Q760144,Ananthapuram
Q223422,Anápolis
Q39450,Anchorage
Q3415,Ancona
Q12886,Anderlecht
Q487656,Andijan
Q371112,Andimeshk
Q42116,Andong
Q13486,Andria
Q103565,Angarsk
Q38380,Angers
Q542829,Angra dos Reis
Q542966,Angren
Q270806,Anjō
Q196236,Anju
Q3640,Ankara
Q6092427,Ankara Metropolitan Municipality
Q485172,Ann Arbor
Q360374,Anqing
Q42117,Ansan
Q42119,Anseong
Q74957,Anshan
Q486149,Anshun
Q80561,Antakya
Q6487,Antalya
Q28320750,Antalya Metropolitan Municipality
Q3915,Antananarivo
Q495357,Antioch
Q1636,Antipolo
Q3612,Antofagasta
Q583184,Antsirabe
Q12892,Antwerp
Q324293,Anyang
Q42120,Anyang
Q146790,Aomori
Q617618,Apapa
Q459711,Aparecida de Goiânia
Q1638385,Apucarana
Q180522,Aqaba
Q170578,Aracaju
Q626835,Araçatuba
Q1794219,Aracruz
Q173591,Arad
Q625279,Araguaína
Q1637522,Araguari
Q212628,Arak
Q582917,Arambag
Q626175,Arapiraca
Q1650073,Arapongas
Q626199,Arar
Q626247,Araraquara
Q580366,Araras
Q1761549,Araruama
Q1773313,Araucária
Q626670,Araure
Q586057,Araxá
Q159273,Arequipa
Q181946,Argenteuil
Q2203,Arica
Q1646975,Ariquemes
Q238452,Arish
Q1851,Arkhangelsk
Q17943,Arlington
Q49279759,Arlington
Q15767,Armavir
Q328518,Armenia
Q103993,Artyom
Q4301,Arusha
Q590849,Arvada
Q103789,Arzamas
Q200740,Asahikawa
Q646834,Asaka
Q42114,Asan
Q202139,Asansol
Q740236,Asella
Q171639,Ashdod
Q23438,Ashgabat
Q374477,Ashikaga
Q60956,Ashkelon
Q583568,Ashokenagar Kalyangarh
Q3642,Asmara
Q742227,Assis
Q3927,Astrakhan
Q2933,Asunción
Q29888,Aswan
Q29962,Asyut
Q753906,Atbarah
Q1524,Athens
Q203263,Athens
Q1637405,Atibaia
Q23556,Atlanta
Q3871,Atlético Morelia
Q389711,Atsugi
Q486913,Atyrau
Q37100,Auckland
Q2749,Augsburg
Q200713,Aurangabad
Q49246,Aurora
Q22595,Aurora
Q16559,Austin
Q504215,Ayacucho
Q28334891,Aydin Metropolitan Municipality
Q170457,Aydın
Q605157,Babol
Q207294,Babruysk
Q1750870,Babylon
Q1807313,Bacabal
Q10737004,Bacău
Q63129,Bacoor
Q15679,Badajoz
Q15468,Badalona
Q585014,Baduria
Q119140,Bagé
Q1530,Baghdad
Q628297,Bago
Q800122,Bago
Q318156,Bahawalpur
Q54108,Bahía Blanca
Q464699,Bahir Dar
Q185280,Baia Mare
Q625394,Baidyabati
Q571949,Baise
Q532981,Baiyin
Q49256,Bakersfield
Q9248,Baku
Q104560,Balakovo
Q104557,Balashikha
Q14492,Balikpapan
Q199723,Balıkesir
Q28335058,Balıkesir Metropolitan Municipality
Q601897,Bally
Q3633473,Bally
Q598016,Balneário Camboriú
Q1813001,Balsas
Q37801,Bălți
Q5092,Baltimore
Q633291,Balurghat
Q106636,Bam
Q3703,Bamako
Q528432,Bamenda
Q5779,Banda Aceh
Q154814,Bandar Abbas
Q8156,Bandar Lampung
Q214651,Bandırma
Q10389,Bandung
Q622612,Bangaon
Q1861,Bangkok
Q3832,Bangui
Q336966,Banha
Q131127,Banja Luka
Q10391,Banjar
Q14181,Banjarbaru
Q14182,Banjarmasin
Q1949030,Bankura
Q622607,Bansberia
Q58584,Baoding
Q514796,Baoji
Q496576,Baoshan
Q569907,Baotou
Q270821,Baqubah
Q712644,Baramulla
Q712504,Baranagar
Q237655,Baranavichy
Q685315,Barasat
Q807311,Barbacena
Q2009595,Barcarena
Q391221,Barcelona
Q1492,Barcelona
Q213242,Barcelos
Q709267,Bardhaman
Q213026,Bareilly
Q3519,Bari
Q47772,Bariloche
Q695623,Barinas city
Q747840,Barisal
Q153974,Barmen
Q6014,Barnaul
Q4709,Barquisimeto
Q808797,Barra Mansa
Q709298,Barrackpore
Q62823,Barranquilla
Q1384520,Barreiras
Q1637488,Barretos
Q34183,Barrie
Q211805,Bartın
Q461773,Barueri
Q708616,Baruipur
Q19313,Barysaw
Q78,Basel
Q810196,Basingstoke
Q712515,Basirhat
Q48195,Basra
Q208725,Bat Yam
Q320792,Bata
Q10103,Batam
Q1723,Batangas City
Q104649,Bataysk
Q159835,Batman
Q28218,Baton Rouge
Q748336,Battambang
Q11434,Batu
Q25475,Batumi
Q15378,Baubau
Q241645,Bauru
Q115382,Bayamo
Q571126,Bayannur
Q812113,Bayawan
Q812117,Baybay
Q1694,Bayugan
Q178945,Bazhong
Q128282,Beaumont
Q814033,Beed
Q41843,Beersheba
Q598985,Begusarai
Q643207,Behbahan
Q210365,Beihai
Q956,Beijing
Q814748,Beiliu
Q211563,Beira
Q3820,Beirut
Q152449,Beit Shemesh
Q59975,Bejaïa
Q12829733,Belém
Q10686,Belfast
Q737636,Belford Roxo
Q270176,Belgaum
Q3323,Belgorod
Q3711,Belgrade
Q214164,Bellevue
Q42800,Belo Horizonte
Q1355,Bengaluru
Q360069,Bengbu
Q40816,Benghazi
Q8042,Bengkulu
Q214248,Benguela
Q394080,Beni Suef
Q818106,Benoni
Q548652,Bento Gonçalves
Q75091,Benxi
Q273880,Beppu
Q548807,Berazategui
Q33292,Berdiansk
Q104991,Berdsk
Q105002,Berezniki
Q737822,Bergama
Q628,Bergamo
Q26793,Bergen
Q3117,Bergisch Gladbach
Q633530,Berhampore
Q668462,Berisso
Q484678,Berkeley
Q64,Berlin
Q70,Bern
Q822196,Bernal
Q2191860,Berrechid
Q657734,Bertoua
Q37776,Besançon
Q737644,Betim
Q2453308,Bhadreswar
Q760714,Bhagalpur
Q559834,Bharatpur
Q250220,Bharatpur
Q854914,Bhatpara
Q242144,Bhilai
Q1447167,Bhimdatta
Q645725,Bhiwandi
Q796669,Bhiwani
Q80989,Bhopal
Q171771,Bhubaneswar
Q761,Białystok
Q796739,Bidhannagar
Q2112,Bielefeld
Q106583,Bielsko-Biała
Q19316,Biên Hòa
Q207801,Bijeljina
Q486319,Bijie
Q200718,Bikaner
Q860452,Bilaspur
Q8692,Bilbao
Q393495,Bilbeis
Q166304,Billings
Q14128,Bima
Q863461,Bimbo
Q75961,Biñan
Q208472,Bingöl
Q708605,Binhai New Area
Q5954,Binjai
Q373687,Binzhou
Q8247,Biratnagar
Q8252,Birgunj
Q963648,Birigüi
Q193806,Birjand
Q746718,Birkenhead
Q2256,Birmingham
Q79867,Birmingham
Q9361,Bishkek
Q312759,Biskra
Q3739,Bissau
Q15845,Bitung
Q102667,Biysk
Q188313,Blackburn
Q6934,Blagoveshchensk
Q188693,Blantyre
Q11441,Blitar
Q37701,Bloemfontein
Q155557,Blumenau
Q152467,Bnei Brak
Q181056,Boa Vista
Q2103,Bochum
Q10393,Bogor
Q2841,Bogotá
Q35775,Boise
Q317946,Bojnord
Q166513,Bolgatanga
Q1891,Bologna
Q184579,Bolton
Q200951,Bolu
Q6526,Bolzano
Q586,Bonn
Q14495,Bontang
Q893274,Bor
Q1479,Bordeaux
Q605454,Borujerd
Q42098,Boryeong
Q100,Boston
Q178855,Botoșani
Q3069,Bottrop
Q1625598,Botucatu
Q271000,Bouaké
Q192517,Boulder
Q172455,Boulogne-Billancourt
Q170478,Bournemouth
Q2294847,Bouskoura
Q360769,Bozhou
Q22905,Bradford
Q83247,Braga
Q3344946,Braga (city)
Q320487,Bragança
Q897232,Bragança Paulista
Q897320,Brahmanbaria
Q188478,Brăila
Q44198,Brampton
Q2844,Brasília
Q82174,Brașov
Q1780,Bratislava
Q132732,Bratsk
Q3844,Brazzaville
Q40844,Breda
Q24879,Bremen
Q2706,Bremerhaven
Q6221,Brescia
Q12193,Brest
Q140147,Brest
Q1804770,Breves
Q49174,Bridgeport
Q36168,Bridgetown
Q131491,Brighton
Q1022488,Brighton and Hove
Q34932,Brisbane
Q23154,Bristol
Q14960,Brno
Q51693,Brownsville
Q12994,Bruges
Q2773,Brunswick
Q329488,"Brusque, Santa Catarina"
Q240,Brussels Capital Region
Q2801,Bryansk
Q243766,Bucaramanga
Q19660,Bucharest
Q42099,Bucheon
Q1781,Budapest
Q858488,Budge Budge
Q312209,Buea
Q1486,Buenos Aires
Q40435,Buffalo
Q1002006,Buffalo City Metropolitan Municipality
Q3854,Bujumbura
Q606564,Bukan
Q5764,Bukhara
Q4986926,Bukit Merah
Q2158697,Bukit Mertajam
Q7248,Bukittinggi
Q193250,Bulawayo
Q33469,Buôn Ma Thuột
Q259253,Buraidah
Q39561,Burbank
Q211811,Burdur
Q6509,Burgas
Q34218,Burlington
Q40738,Bursa
Q28528543,Bursa Metropolitan Municipality
Q16520,Busan
Q158928,Bushehr
Q518785,Butembo
Q1686,Butuan
Q11283,Butwal
Q201404,Buzău
Q41252,Bydgoszcz
Q102350,Bytom
Q25262,Cà Mau
Q858120,Caaguazú District
Q55595,Cabanatuan
Q723588,Cabimas
Q459360,Cabinda
Q1637538,Cabo de Santo Agostinho
Q735025,Cabo Frio
Q25096,Cabuyao
Q957697,Cachoeirinha
Q1439193,Cachoeiro de Itapemirim
Q1020688,Cadiz
Q15682,Cádiz
Q41185,Caen
Q1645,Cagayan de Oro
Q979808,Cagua
Q189133,Cairns
Q85,Cairo
Q205119,Cajamarca
Q1026185,Calabozo
Q75978,Calamba
Q107624,Calapan
Q577336,Calbayog
Q36312,Calgary
Q51103,Cali
Q105037,Callao
Q1478,Caloocan
Q1031051,Cẩm Phả
Q1136204,Camaçari
Q115329,Camagüey
Q1761143,Camaragibe
Q1773340,Cambé
Q1028279,Cambridge
Q49111,Cambridge
Q350,Cambridge
Q1805206,Cametá
Q61301,Campeche
Q193016,Campina Grande
Q171617,Campinas
Q168929,Campo Grande
Q1026376,Campo Largo
Q689868,Campos dos Goytacazes
Q216075,Cần Thơ
Q199712,Çanakkale
Q3114,Canberra
Q8969,Cancun
Q58695,Cangzhou
Q194325,Canoas
Q216835,Cap-Haïtien
Q221283,Cape Coast
Q462789,Cape Coral
Q5465,Cape Town
Q1533,Caracas
Q983498,Caraguatatuba
Q176891,Carapicuíba
Q315851,Carcar
Q10690,Cardiff
Q841222,Cariacica
Q491099,Carlsbad
Q1044689,Carora
Q986207,Carrefour
Q128261,Carrollton
Q657461,Cartagena
Q162615,Cartagena
Q30617,Cartago
Q622830,Caruaru
Q153511,Carúpano
Q7903,Casablanca
Q205681,Cascavel
Q984581,Castanhal
Q371354,Castelar
Q15092,Castelló de la Plana
Q35135,Catalão
Q983683,Catanduva
Q1903,Catania
Q1020709,Catbalogan
Q2725457,Catia La Mar
Q50178,Cauayan
Q817233,Caucaia
Q1482,Cavite City
Q997107,Caxias
Q110017,Caxias do Sul
Q2671609,Çayırova
Q486439,Cedar Rapids
Q387322,Centennial
Q1054450,Centurion
Q857581,Chakdaha
Q278913,Chakradharpur
Q1962104,Chalco de Díaz Covarrubias
Q857746,Champdani
Q695591,Chandannagar
Q43433,Chandigarh
Q49272,Chandler
Q92161,Changchun
Q416544,Changde
Q1012419,Changdu
Q174091,Changsha
Q1015805,Changshu
Q243327,Changwon
Q72945,Changzhi
Q57970,Changzhou
Q13025343,Chaophraya Surasak
Q75336,Chaoyang
Q59227,Chaozhou
Q817387,Chapecó
Q163464,Charallave
Q81046,Charleroi
Q47716,Charleston
Q16565,Charlotte
Q113464,Chatham-Kent
Q186702,Chattanooga
Q376749,Chattogram
Q373214,Châu Đốc
Q5470,Cheboksary
Q206988,Cheltenham
Q906,Chelyabinsk
Q2795,Chemnitz
Q58675,Chengde
Q30002,Chengdu
Q1352,Chennai
Q416748,Chenzhou
Q42146,Cheonan
Q42147,Cheongju
Q2144,Cherepovets
Q5326,Cherkessk
Q157725,Chernivtsi
Q459553,Chetumal
Q52028,Chiang Mai
Q170616,Chiba
Q1297,Chicago
Q260911,Chiclayo
Q570829,Chifeng
Q633911,Chigasaki
Q61302,Chihuahua City
Q694322,Chikusei
Q844140,Chikushino
Q3774,Chillán
Q199440,chimalhuacan
Q518431,Chimbote
Q638509,Chimoio
Q974354,Chinandega
Q431533,Chingola
Q1017651,Chiniot
Q913406,Chirchiq
Q21197,Chișinău
Q53139,Chita
Q41827,Chittorgarh
Q360870,Chizhou
Q849561,Chlef
Q210667,Chōfu
Q1773148,Choluteca
Q109336,Chongjin
Q213169,Chongju
Q11725,Chongqing
Q572231,Chongzuo
Q104302,Chorzów
Q79990,Christchurch
Q49270,Chula Vista
Q42148,Chuncheon
Q31094,Chungju
Q114045,Chuzhou
Q115465,Ciego de Ávila
Q190005,Cienfuegos
Q10124,Cilegon
Q10394,Cimahi
Q43196,Cincinnati
Q10395,Cirebon
Q239,City of Brussels
Q1185115,City of Cape Town
Q326891,City of Ekurhuleni Metropolitan Municipality
Q2346838,City of Johannesburg Metropolitan Municipality
Q1094207,City of Tshwane Metropolitan Municipality
Q179841,Ciudad Acuña
Q26906,Ciudad Bolívar
Q869403,Ciudad de la Costa
Q991435,Ciudad del Carmen
Q192235,Ciudad del Este
Q507080,Ciudad Guayana
Q26590,Ciudad Juárez
Q5124156,"Ciudad Madero, Buenos Aires"
Q210307,Ciudad Nezahualcóyotl
Q953490,Ciudad Ojeda
Q706161,Cixi City
Q821363,Cizre
Q328941,Clarksville
Q244146,Clearwater
Q42168,Clermont-Ferrand
Q37320,Cleveland
Q100188,Cluj-Napoca
Q1772385,Cluj-Napoca metropolitan area
Q502023,Coatzacoalcos
Q183124,Cochabamba
Q2013225,Codó
Q45412,Coimbra
Q933380,Colatina
Q61320,Colima
Q695511,College Station
Q365,Cologne
Q926688,Colombo
Q35381,Colombo
Q12825018,Colón City
Q49258,Colorado Springs
Q59670,Columbia
Q397905,Columbia
Q239870,Columbus
Q16567,Columbus
Q2483679,Comayaguela
Q221921,Comodoro Rivadavia
Q3733,Conakry
Q1880,Concepción
Q490441,Concord
Q52578,Concordia
Q570312,Conselheiro Lafaiete
Q79808,Constanța
Q187346,Constantine
Q271333,Contagem
Q1748,Copenhagen
Q3868,Copiapó
Q643215,Coquitlam
Q505557,Coral Springs
Q989492,Córdoba
Q101948176,Córdoba
Q44210,Córdoba
Q36647,Cork
Q214655,Çorlu
Q1134454,Coro
Q494707,Corona
Q80004,Coronel Fabriciano
Q49242,Corpus Christi
Q44211,Corrientes
Q206900,Çorum
Q271215,Corumbá
Q499196,Costa Mesa
Q726993,Cotabato City
Q669305,Cotia
Q3214,Cottbus
Q6225,Coventry
Q168057,Craiova
Q1004897,Crato
Q1439157,Criciúma
Q770309,Cúa
Q817954,Cubatão
Q216847,Cúcuta
Q279951,Cuddalore
Q170762,Cuiabá
Q319476,Cumaná
Q13030,Curicó
Q4361,Curitiba
Q5582862,Cuzco
Q103217,Częstochowa
Q25281,Da Lat
Q25282,Da Nang
Q5207471,Dabgram
Q108672,Dąbrowa Górnicza
Q20927,Daegu
Q20921,Daejeon
Q386668,Daitō
Q3718,Dakar
Q345204,Dakhla
Q74881,Dalian
Q1193793,Dalkhola
Q16557,Dallas
Q370925,Daly City
Q328153,Damanhur
Q3766,Damascus
Q189383,Damietta
Q160320,Dammam
Q1159273,Danao
Q75110,Dandong
Q42089,Dangjin
Q5219966,Dankuni
Q1015132,Danzhou
Q304848,Daqing
Q1960,Dar es Salaam
Q238217,Daraa
Q169997,Darjeeling
Q2973,Darmstadt
Q11568,Darwin
Q63139,Dasmariñas
Q487672,Daşoguz
Q72877,Datong
Q1473,Davao City
Q26887,Davenport
Q279009,David
Q1018167,Dawei
Q34739,Dayton
Q427488,Dazhou
Q79880,Debrecen
Q199528,Dehradun
Q239097,Deir ez-Zor
Q690,Delft
Q1353,Delhi
Q997821,Delmas
Q1187144,Dengzhou
Q170967,Denizli
Q28335061,Denizli Metropolitan Municipality
Q11506,Denpasar
Q128306,Denton
Q16554,Denver
Q62866867,Deo
Q10396,Depok
Q999076,Dera Ghazi Khan
Q1249888,Dera Ismail Khan
Q131416,Derbent
Q43475,Derby
Q39709,Des Moines
Q395863,Desouk
Q755752,Dessie
Q12439,Detroit
Q425996,Deyang
Q605142,Dezful
Q162880,Dezhou
Q268915,Dhahran
Q1354,Dhaka
Q955523,Dhamar
Q1446993,Dhangadhi
Q8254,Dharan
Q651891,Diadema
Q1264213,Diamond Harbour
Q1266637,Dibrugarh
Q1020939,Digos
Q7003,Dijon
Q9310,Dili
Q135285,Dimitrovgrad
Q853945,Dindigul
Q186006,Dingxi
Q645183,Dingzhou
Q910973,Diourbel
Q432169,Dipolog
Q193486,Dire Dawa
Q271911,Dispur
Q926606,Divinópolis
Q83387,Diyarbakır
Q28479067,Diyarbakır Metropolitan Municipality
Q2794758,Djelfa
Q3604,Djibouti
Q48256,Dnipro
Q3866,Dodoma
Q849535,Doğubeyazıt
Q3861,Doha
Q135394,Dolgoprudny
Q135410,Domodedovo
Q43070,Donetsk
Q1877,Đồng Hới
Q59218,Dongguan
Q1241426,Dongning
Q372414,Dongying
Q10313,Donostia-San Sebastián
Q1295,Dortmund
Q238375,Dorud
Q132830,Douala
Q403446,Douma
Q651874,Dourados
Q488946,Downey
Q1731,Dresden
Q612,Dubai
Q1761,Dublin
Q152831,Duhok
Q2100,Duisburg
Q649955,Dum Dum
Q873377,Dumaguete
Q7782,Dumai
Q123709,Dundee
Q133073,Dunedin
Q193021,Duque de Caxias
Q1120810,Durán
Q112813,Durango
Q5468,Durban
Q956602,Durg
Q5088,Durgapur
Q49229,Durham
Q83285,Durrës
Q9365,Dushanbe
Q1718,Düsseldorf
Q206885,Düzce
Q76493,Dzerzhinsk
Q56037,East Berlin
Q208262,Eastbourne
Q496681,Ebetsu
Q734390,Ebina
Q1002900,Edéa
Q239107,Edfu
Q23436,Edinburgh
Q43387,Edirne
Q2096,Edmonton
Q1021818,Edremit
Q9832,Eindhoven
Q496442,Ekibastuz
Q30996,El Alto
Q219583,El Jadida
Q1324317,El Limón
Q595550,El Monte
Q16562,El Paso
Q2277161,El Progreso
Q312723,El-Mahalla El-Kubra
Q174060,Elazığ
Q104712,Elbląg
Q322149,Eldoret
Q198419,Elektrostal
Q499887,Elgin
Q3977,Elista
Q671314,Elk Grove
Q1003496,Eluru
Q651860,Embu das Artes
Q47138,Encarnación
Q198748,Engels
Q1525057,English Bazar
Q33435365,Enschede
Q465022,Enugu
Q132754,Erbil
Q230628,Erdenet
Q642088,Erechim
Q996056,Ereğli
Q1729,Erfurt
Q234061,Erie
Q3126,Erlangen
Q9824,Erode
Q136217,Erzincan
Q122803,Erzurum
Q28479079,Erzurum Metropolitan Municipality
Q372454,Escondido
Q168866,Eskişehir
Q28528538,Eskişehir Metropolitan Municipality
Q862519,Eslamshahr
Q47034,Espoo
Q2066,Essen
Q1007634,Estelí
Q311544,eThekwini Metropolitan Municipality
Q1796277,Eunápolis
Q486459,Evansville
Q392599,Everett
Q134672,Exeter
Q1385982,Ezeiza
Q71305,Ezhou
Q323432,Fairfield
Q173985,Faisalabad
Q203299,Faiyum
Q191170,Fallujah
Q571712,Fangchenggang
Q34109,Fargo
Q200663,Faridabad
Q721034,Fasa
Q331104,Fayetteville
Q2004440,Fazenda Rio Grande
Q194343,Feira de Santana
Q486329,Fergana
Q13362,Ferrara
Q1646968,Ferraz de Vasconcelos
Q207998,Fethiye
Q80985,Fez
Q490584,Flint
Q2044,Florence
Q849859,Florencia
Q2359107,Florencio Varela
Q132997,Florianópolis
Q13464,Foggia
Q491128,Fontana
Q13367,Forlì
Q1003392,Formosa
Q44214,Formosa
Q490732,Fort Collins
Q49268,Fort Wayne
Q16558,Fort Worth
Q43463,Fortaleza
Q34412,Foshan
Q202316,Foz do Iguaçu
Q504587,Franca
Q1646103,Francisco Morato
Q657199,Franco da Rocha
Q1794,Frankfurt
Q30096,Frederiksberg
Q3780,Freetown
Q2833,Freiburg im Breisgau
Q49220,Fremont
Q1816543,Fresnillo
Q43301,Fresno
Q128269,Frisco
Q208818,Fuchū
Q328613,Fuji
Q734432,Fujieda
Q495809,Fujimi
Q873590,Fujimino
Q496072,Fujinomiya
Q386661,Fujisawa
Q734532,Fukaya
Q201618,Fukui
Q26600,Fukuoka
Q161176,Fukushima
Q661038,Fukuyama
Q494723,Fullerton
Q271417,Funabashi
Q25444,Funchal
Q3075,Fürth
Q75026,Fushun
Q34750,Fuxin
Q360584,Fuyang
Q363391,Fuzhou
Q68481,Fuzhou City
Q3919,Gaborone
Q487999,Gainesville
Q170996,Galați
Q11910,Gandhinagar
Q42056,Gangneung
Q186141,Gangtok
Q131290,Ganja
Q363166,Ganzhou
Q1209135,Gaozhou
Q55596,Gapan
Q771575,Garanhuns
Q50054,Garden Grove
Q49274,Garland
Q157915,Garoua
Q515118,Garulia
Q141844,Gatineau
Q251329,Gaya
Q1656639,Gayespur
Q47492,Gaza City
Q93338,Gaziantep
Q28479093,Gaziantep Metropolitan Municipality
Q1792,Gdańsk
Q385,Gdynia
Q231765,Geelong
Q2765,Gelsenkirchen
Q778941,General Escobedo
Q62723,General Trias
Q71,Geneva
Q1449,Genoa
Q42057,Geoje
Q370456,George
Q61092,George Town
Q3750,Gera
Q867102,Gharyan
Q207098,Ghaziabad
Q173731,Ghazni
Q1296,Ghent
Q45798,Gifu
Q12273,Gijón
Q42078,Gimcheon
Q42082,Gimhae
Q42080,Gimpo
Q1525029,Gingoog
Q201095,Giresun
Q749187,Girga
Q7038,Girona
Q72125,Giugliano in Campania
Q81788,Giza
Q4093,Glasgow
Q51682,Glendale
Q485716,Glendale
Q105084,Gliwice
Q170497,Gloucester
Q1707370,Gobardanga
Q5576202,Godavarikhani
Q1708114,Godhra
Q1189982,Godoy Cruz
Q83189,Goiânia
Q140075,Gold Coast
Q2678,Gomel
Q852550,Gonaïves
Q1975291,Gonbad-e Kavus
Q218861,Gondar
Q983483,Gondomar
Q42062,Gongju
Q1207108,Gongzhuling
Q994917,González Catán
Q188155,Gorgan
Q14525,Gorontalo
Q104731,Gorzów Wielkopolski
Q25287,Gothenburg
Q3033,Göttingen
Q462218,Governador Valadares
Q42061,Goyang
Q205648,Granada
Q51694,Grand Prairie
Q184587,Grand Rapids
Q694822,Gravataí
Q13298,Graz
Q56041,Greater Berlin Act
Q5600503,Greater Cochin
Q976447,Greater Manaus
Q2711899,Greater Noida
Q5600710,Greater Perth
Q4092880,Greater Tehran
Q49238,Greensboro
Q2484567,Gregorio de Laferrere
Q1289,Grenoble
Q81844,Gresham
Q181376,Grodno
Q749,Groningen
Q5196,Grozny
Q1552562,Guacara
Q9022,Guadalajara
Q938835,Guadalupe
Q52585,Gualeguaychú
Q733005,Guanare
Q427367,Guang'an
Q426237,Guangyuan
Q16572,Guangzhou
Q185156,Guantánamo
Q267439,Guarapari
Q326354,Guarapuava
Q905157,Guaratinguetá
Q996478,Guarenas
Q271374,Guarujá
Q184409,Guarulhos
Q1552906,Guasdualito
Q1555,Guatemala City
Q1026987,Guatire
Q43509,Guayaquil
Q740687,Guéckédougou
Q1557691,Guédiawaye
Q45942,Guelma
Q842806,Guelmim
Q504114,Guelph
Q571808,Guigang
Q189633,Guilin
Q963782,Guiping
Q192271,Guiyang
Q243322,Gujranwala
Q929062,Gujrat
Q42073,Gumi
Q42075,Gunpo
Q42074,Gunsan
Q586397,Gunthakal
Q3120966,Guntur
Q5967,Gunungsitoli
Q42071,Guri
Q238508,Gurugram
Q199605,Guwahati
Q604625,Guyuan
Q158467,Gwalior
Q41283,Gwangju
Q42069,"Gwangju, Gyeonggi"
Q42066,Gwangmyeong
Q42067,Gwangyang
Q399316,Gweru
Q42097,Gyeongju
Q42059,Gyeongsan
Q134494,Győr
Q199500,Gyumri
Q675568,"Ha'il, Saudi Arabia"
Q9920,Haarlem
Q694308,Habikino
Q1708439,Habra
Q191914,Hachinohe
Q208863,Hachiōji
Q460806,Hadano
Q714865,Haeju
Q97290550,Hafar Al-Batin
Q2871,Hagen
Q1011073,Haicheng
Q984788,Haidong
Q41621,Haifa
Q189823,Haikou
Q72818,Haiphong
Q26418,Hakodate
Q696407,Hakusan
Q12460009,Haldia
Q2141,Halifax
Q1707695,Halisahar
Q2814,Halle (Saale)
Q173545,Hama
Q28587,Hamadan
Q185125,Hamamatsu
Q1055,Hamburg
Q109356,Hamhung
Q133116,Hamilton
Q200028,Hamilton
Q2880,Hamm
Q42159,Hanam
Q1337056,Hanchuan City
Q463171,Handa
Q58570,Handan
Q720828,Handwara
Q4970,Hangzhou
Q1858,Hanoi
Q1715,Hanover
Q515573,Hanzhong
Q190184,Harar Jugol
Q3921,Harare
Q42956,Harbin
Q515728,Harburg-Wilhelmsburg
Q168652,Hargeisa
Q33486,Hartford
Q47264,Hassan
Q651286,Hat Yai
Q28479116,Hatay Metropolitan Municipality
Q736897,Hatsukaichi
Q1563,Havana
Q755765,Hawaasa
Q491114,Hayward
Q404301,Hebi
Q168225,Hebron
Q572089,Hechi
Q185684,Hefei
Q349982,Hegang
Q2966,Heidelberg
Q349983,Heihe
Q715,Heilbronn
Q1221725,Hekou Yao Autonomous County
Q25411,Helsingborg
Q1757,Helsinki
Q771345,Helwan
Q49267,Henderson
Q58724,Hengshui
Q144663,Hengyang
Q160544,Heraklion
Q45313,Herat
Q189138,Hermosillo
Q2904,Herne
Q990001,Heroica Nogales
Q59205,Heyuan
Q332753,Heze
Q572014,Hezhou
Q49276,Hialeah
Q653372,Higashihiroshima
Q317830,Higashikurume
Q240489,Higashimurayama
Q240891,Higashiōmi
Q243863,Higashiōsaka
Q631194,High Point
Q64116,High Wycombe
Q386635,Hikone
Q3185,Hildesheim
Q243846,Hillah
Q1423846,Himamaylan
Q209801,Himeji
Q236197,Hino
Q270912,Hirakata
Q502199,Hiratsuka
Q194087,Hirosaki
Q34664,Hiroshima
Q1772825,Hisar
Q633922,Hitachi
Q696772,Hitachinaka
Q130324,Hòa Bình
Q40191,Hobart
Q48888,Hoeryong
Q502209,Hōfu
Q535534,Hohhot
Q36160,Hội An
Q244154,Holguín
Q234453,Hollywood
Q192213,Holon
Q131301,Homs
Q8646,Hong Kong
Q18094,Honolulu
Q952617,Hortolândia
Q16555,Houston
Q205697,Howrah
Q1209404,Hpa-An
Q249994,Hsinchu
Q57818,Huai'an
Q360268,Huaibei
Q416922,Huaihua
Q360178,Huainan
Q713310,Hualien City
Q207322,Huambo
Q468782,Huancayo
Q71355,Huanggang
Q180470,Huangshan City
Q71204,Huangshi
Q504394,Huánuco
Q723677,Huaral
Q793809,Huaraz
Q1374792,Huazhou Shi
Q201812,Huddersfield
Q12246,Huelva
Q20099772,Hugli-Chinsurah
Q698719,Huichon
Q59173,Huizhou
Q75379,Huludao
Q571033,Hulunbuir
Q128674,Hunchun
Q5917,Huntington Beach
Q79860,Huntsville
Q187284,Hurghada
Q42664,Huzhou
Q42160,Hwaseong
Q1361,Hyderabad
Q1640079,Hyderabad
Q489829,Hyesan
Q46852,Iași
Q222755,Ibagué
Q99648,Ibb
Q1751207,Ibirité
Q840712,Ica
Q583818,Ichalkaranji
Q42136,Icheon
Q207881,Ichihara
Q209785,Ichikawa
Q270810,Ichinomiya
Q390817,Ichinoseki
Q504657,Idlib
Q180084,Ife
Q1787619,Igarassu
Q483331,Iğdır
Q607167,Iguala
Q328605,Iizuka
Q817965,Ikeda
Q328610,Ikoma
Q42137,Iksan
Q50179,Ilagan
Q499470,Ilam
Q373705,Ilhéus
Q587085,Ilorin
Q461020,Imabari
Q504755,Imperatriz
Q208097,Imphal
Q63145,Imus
Q389562,Inazawa
Q20934,Incheon
Q616650,Indaiatuba
Q24603,Independence
Q6346,Indianapolis
Q66616,Indore
Q343973,İnegöl
Q621549,Inglewood
Q3004,Ingolstadt
Q1735,Innsbruck
Q637901,Inzai
Q318314,Ipatinga
Q1010094,Ipiales
Q271619,Ipoh
Q1009253,Ipswich
Q14440,Iquique
Q193289,Iquitos
Q816845,Irapuato
Q194165,Irbid
Q2205,Iriga
Q6576,Irkutsk
Q696925,Iruma
Q49219,Irvine
Q51690,Irving
Q1710,Isabela
Q596469,Isahaya
Q328067,Ise
Q734520,Isehara
Q328596,Isesaki
Q42053,Isfahan
Q270814,Ishinomaki
Q2700395,Isidro Casanova
Q1362,Islamabad
Q217156,Ismailia
Q171031,Isparta
Q406,Istanbul
Q6085390,Istanbul Metropolitan Municipality
Q1638413,Itabira
Q841244,Itaboraí
Q460750,Itabuna
Q730437,Itaguaí
Q655734,Itaituba
Q842713,Itajaí
Q335444,Itami
Q926662,Itapecerica da Serra
Q1675245,Itaperuna
Q942071,Itapetininga
Q955510,Itapevi
Q1797985,Itapipoca
Q330202,Itaquaquecetuba
Q773065,Itatiba
Q628877,Itaúna
Q957653,Itu
Q1756328,Ituiutaba
Q193350,Itumbiara
Q156726,Ivano-Frankivsk
Q2630,Ivanovo
Q274384,Iwaki
Q329797,Iwakuni
Q386651,Iwata
Q430308,Izeh
Q5426,Izhevsk
Q35997,İzmir
Q6102213,İzmir Metropolitan Municipality
Q129649,İzmit
Q696412,Izumi
Q852018,Izumisano
Q825166,Izumo
Q200878,Jabalpur
Q271393,Jaboatão dos Guararapes
Q655363,Jacareí
Q28198,Jackson
Q16568,Jacksonville
Q1017696,Jacobabad
Q15681,Jaén
Q1020637,Jahrom
Q66485,Jaipur
Q3630,Jakarta
Q183303,Jalalabad
Q33377,Jalandhar
Q1023359,Jalapa
Q30951,Jalgaon
Q1949125,Jalpaiguri
Q7578,Jambi
Q255455,Jammu
Q1154,Jamnagar
Q200054,Jamshedpur
Q2286850,Jamuria
Q1646970,Jandira
Q1787673,Japeri
Q849584,Jaraguá do Sul
Q195531,Jaramana
Q1759235,Jaú
Q1025475,Jaunpur
Q27860,Jayapura
Q2330643,Jaynagar Majilpur
Q42143,Jecheon
Q374365,Jeddah
Q42142,Jeju
Q3150,Jena
Q42141,Jeongeup
Q42140,Jeonju
Q630203,Jequié
Q1218,Jerusalem
Q1026616,Jhang
Q242995,Jhansi
Q2287060,Jhargram
Q983815,Ji-Paraná
Q363262,Ji'an
Q1016720,Ji'an
Q29003,Jiamusi
Q59132,Jiangmen
Q1015823,Jiangyin
Q774508,"Jianyang, Sichuan"
Q404429,Jiaozuo
Q58178,Jiaxing
Q532560,Jiayuguan City
Q6192219,Jieshi
Q26323,Jieyang
Q755763,Jijiga
Q92277,Jilin City
Q385341,Jimma
Q170247,Jinan
Q532776,Jinchang
Q72990,Jincheng
Q34405,Jingdezhen
Q71323,Jingmen City
Q71247,Jingzhou
Q58210,Jinhua
Q372791,Jining
Q128883,Jinjiang
Q42144,Jinju
Q1026296,Jinotega
Q73045,Jinzhong
Q28996,Jinzhou
Q216077,Jiujiang
Q533432,Jiuquan
Q984646,Jiutepec
Q28979,Jixi
Q27660,Jizan
Q572380,Jizzakh
Q167436,João Pessoa
Q200019,Jodhpur
Q582289,Jōetsu
Q34647,Johannesburg
Q231318,Johor Bahru
Q156819,Joinville
Q40345,Joliet
Q321079,Jos
Q2224587,José C. Paz
Q26155,Jounieh
Q753044,Juazeiro
Q817227,Juazeiro do Norte
Q1947,Juba
Q97290488,Jubail
Q193019,Juiz de Fora
Q696074,Juliaca
Q275109,Jundiaí
Q134620,Jyväskylä
Q1026445,Kabankalan
Q5838,Kabul
Q216902,Kabwe
Q30651,Kadapa
Q1012824,Kadirli
Q496080,Kadoma
Q208318,Kaduna
Q716127,Kaechon
Q335769,Kafr el-Dawwar
Q328176,Kafr el-Sheikh
Q15674,Kagoshima
Q28479126,Kahramanmaraş Metropolitan Municipality
Q375432,Kâhta
Q208471,Kaifeng
Q641491,Kakamigahara
Q823988,Kakegawa
Q59018,Kakinada
Q750569,Kakogawa
Q1829,Kaliningrad
Q52842,Kalisz
Q478518,Kallithea
Q2837,Kaluga
Q2734589,Kalyani
Q387365,Kamagaya
Q200267,Kamakura
Q68953,Kamarhati
Q105444,Kamensk-Uralsky
Q193965,Kamianets-Podilskyi
Q3894,Kampala
Q855724,Kampong Cham
Q144170,Kamyshin
Q205327,Kananga
Q191130,Kanazawa
Q212332,Kanchipuram
Q2088474,Kanchrapara
Q45604,Kandahar
Q3695624,Kandhkot
Q489825,Kanggye
Q853805,Kani
Q182984,Kano
Q819578,Kanoya
Q66568,Kanpur
Q486472,Kansas City
Q41819,Kansas City
Q181557,Kaohsiung
Q847677,Kaolack
Q5247279,Kapaklı
Q189697,Karabük
Q8660,Karachi
Q484706,Karaganda
Q36529,Karaj
Q6635526,Karaköprü
Q262579,Karaman
Q658240,Karamay
Q738275,Karatsu
Q199909,Karbala
Q25563078,Karimnagar
Q389515,Kariya
Q1040,Karlsruhe
Q127063,Kars
Q12489692,Karta
Q2578786,Kartepe
Q600893,"Kasama, Zambia"
Q240475,Kashan
Q496319,Kashihara
Q1734942,Kashikishi
Q319743,Kashiwa
Q720403,Kashmar
Q145507,Kaspiysk
Q686813,Kassala
Q2865,Kassel
Q47084,Kasuga
Q26101,Kasugai
Q376023,Kasukabe
Q3037,Kathmandu
Q588,Katowice
Q4115712,Kaunas
Q819572,Kawachinagano
Q319740,Kawagoe
Q387136,Kawaguchi
Q609350,Kawanishi
Q164234,Kawasaki
Q325164,Kayes
Q48338,Kayseri
Q28479134,Kayseri Metropolitan Municipality
Q900,Kazan
Q851680,Kazo
Q171357,Kecskemét
Q11443,Kediri
Q249996,Keelung
Q232226,Kelowna
Q1014125,Kemalpaşa
Q6066,Kemerovo
Q15379,Kendari
Q634698,Kenema
Q478207,Kenitra
Q157065,Kerch
Q534409,Keren
Q171714,Kerman
Q180078,Kermanshah
Q4454,Khabarovsk
Q2421238,Khak-e Ali
Q759381,Khamis Mushait
Q309348,Khan Yunis
Q588477,Kharagpur
Q2120110,Khardah
Q42308,Kharkiv
Q1963,Khartoum
Q310114,Khartoum North
Q147756,Khasavyurt
Q1046653,Khemisset
Q990115,Khenifra
Q197582,Khimki
Q720001,Khomeyni Shahr
Q876526,Khon Kaen
Q502212,Khorramabad
Q386682,Khost
Q605105,Khoy
Q373808,Khujand
Q243325,Khulna
Q583137,Kidapawan
Q1707,Kiel
Q102317,Kielce
Q492778,Kiffa
Q3859,Kigali
Q244509,Kigoma
Q206881,Kilis
Q128228,Killeen
Q714873,Kimchaek
Q34692,Kingston
Q202973,Kingston
Q3838,Kinshasa
Q966819,Kira Town
Q858352,Kirishima
Q173310,Kirkuk
Q5384,Kirov
Q634022,Kiryū
Q146723,Kisangani
Q335427,Kisarazu
Q740456,Kishiwada
Q153676,Kislovodsk
Q214485,Kisumu
Q188806,Kitakyūshū
Q265555,Kitami
Q200166,Kitchener
Q239580,Kitwe
Q206891,Kırıkkale
Q206903,Kırklareli
Q208005,Kırşehir
Q693929,Kızıltepe
Q41753,Klagenfurt
Q776965,Klaipėda
Q856003,Klang
Q185582,Knoxville
Q48320,Kōbe
Q3104,Koblenz
Q3816083,Kocaeli
Q1800,Kochi
Q200251,Kōchi
Q213278,Kodaira
Q406358,Koforidua
Q201932,Kōfu
Q836836,Koga
Q242874,Koganei
Q466000,Koh Kong Province
Q490643,Kokshetau
Q317834,Kokubunji
Q1348,Kolkata
Q321475,Kollam
Q133026,Kolomna
Q389537,Komaki
Q646898,Komatsu
Q154801,Komsomolsk-on-Amur
Q2235942,Konnagar
Q734541,Kōnosu
Q79857,Konya
Q28528536,Konya Metropolitan Municipality
Q155148,Kopeysk
Q27161,Körfez
Q985627,Korhogo
Q264206,Kōriyama
Q155309,Korolyov
Q542154,Koronadal
Q497952,Koshigaya
Q25409,Košice
Q488990,Kostanay
Q2592,Kostroma
Q62868,Koszalin
Q330531,Kota
Q10392,Kota Bekasi
Q651131,Kota Bharu
Q137271,Kota Kinabalu
Q15846,Kotamobagu
Q102445,Kovrov
Q926426,Kozan
Q28729,Kozhikode
Q167394,Kragujevac
Q31487,Kraków
Q3646,Krasnodar
Q155569,Krasnogorsk
Q919,Krasnoyarsk
Q2805,Krefeld
Q1006338,Krishnanagar
Q157137,Kryvyi Rih
Q1865,Kuala Lumpur
Q846502,Kuala Terengganu
Q220445,Kuching
Q186234,Kufa
Q47535,Kuki
Q256409,Kulti
Q41106,Kumagaya
Q199889,Kumamoto
Q54452,Kumanovo
Q182059,Kumasi
Q182852,Kunming
Q42773,Kunshan
Q162279,Kuopio
Q14155,Kupang
Q467487,Kurashiki
Q223439,Kure
Q13379,Kurgan
Q3635276,Kurnool
Q3159,Kursk
Q320934,Kurume
Q386677,Kusatsu
Q271917,Kushiro
Q431845,Kusong
Q328030,Kut
Q172415,Kutaisi
Q35178,Kuwait City
Q496472,Kuwana
Q1899,Kyiv
Q34600,Kyoto
Q6049,Kyzyl
Q491123,Kyzylorda
Q15470,L'Hospitalet de Llobregat
Q1494067,La Banda
Q916536,La Ceiba
Q873405,La Guaira
Q1491,La Paz
Q44059,La Plata
Q44236,La Rioja
Q14467,La Serena
Q6465359,La Tablada
Q538953,La Vega
Q590133,La Victoria
Q47837,Laayoune
Q1020384,Labé
Q128891,Lafayette
Q2288052,Lagarto
Q762009,Lages
Q8673,Lagos
Q1018501,Lahad Datu
Q11739,Lahore
Q28911,Lahti
Q572140,Laibin
Q373234,Laiwu
Q371640,Laiyang
Q639452,Lakeland
Q462804,Lakewood
Q6647,Lalitpur
Q494711,Lancaster
Q58710,Langfang
Q5781,Langsa
Q28237,Lansing
Q1622565,Lanús
Q183584,Lanzhou
Q39738,Laoag
Q574903,Lapu-Lapu
Q16868,Laredo
Q178405,Larissa
Q696605,Larkana
Q3916792,Las Cumbres
Q23984578,Las Palmas de Gran Canaria
Q115527,Las Tunas
Q23768,Las Vegas
Q476800,Lashkar Gah
Q200030,Latakia
Q13410,Latina
Q339527,Launceston
Q905164,Lauro de Freitas
Q807,Lausanne
Q141810,Laval
Q1638425,Lavras
Q42810,Le Havre
Q1476,Le Mans
Q39121,Leeds
Q1696,Legazpi
Q83065,Leicester
Q2079,Leipzig
Q1025448,Leiyang
Q1209167,Leizhou
Q208151,León
Q189128,León de Los Aldama
Q426868,Leshan
Q118958,Leuven
Q2938,Leverkusen
Q139208,Lévis
Q49241,Lexington
Q5869,Lhasa
Q5784,Lhokseumawe
Q1374728,Lianjiang
Q1344742,Lianyuan
Q57756,Lianyungang
Q1023910,Lianzhou
Q373564,Liaocheng
Q75203,Liaoyang
Q146351,Liberec
Q2677927,Libertad
Q3825,Libreville
Q667650,Lichinga
Q3992,Liège
Q1701,Ligao
Q205914,Lijiang
Q18780,Likasi
Q604609,Liling
Q648,Lille
Q3876,Lilongwe
Q2868,Lima
Q185632,Limassol
Q841241,Limeira
Q45656,Limoges
Q496837,Lincang
Q28260,Lincoln
Q180057,Lincoln
Q73156,Linfen
Q713317,Linhai
Q1755402,Linhares
Q594843,Linjiang
Q25413,Linköping
Q373346,Linyi
Q41329,Linz
Q1725,Lipa
Q3490,Lipetsk
Q597,Lisbon
Q58294,Lishui
Q33405,Little Rock
Q485918,Liupanshui
Q38968,Liuzhou
Q24826,Liverpool
Q1866604,Livingstone
Q6761,Livorno
Q437,Ljubljana
Q580,Łódź
Q642057,Lomas de Zamora
Q3792,Lomé
Q84,London
Q92561,London
Q192387,Londrina
Q16739,Long Beach
Q519810,Longnan
Q139398,Longueuil
Q68862,Longyan
Q65,Los Angeles
Q16910,Los Ángeles
Q1817441,Los Guayos
Q695631,Los Teques
Q416988,Loudi
Q43668,Louisville
Q917535,Loures
Q49162,Lowell
Q360702,Lu'an
Q3897,Luanda
Q854109,Luanshya
Q49273,Lubbock
Q2843,Lübeck
Q37333,Lublin
Q8129,Lubuklinggau
Q187593,Lubumbashi
Q47916,Lucknow
Q2910,Ludwigshafen
Q1025345,Lufeng
Q214670,Lüleburgaz
Q73186,Lüliang
Q404599,Luohe
Q187136,Luoyang
Q3881,Lusaka
Q7550,Lutsk
Q1842,Luxembourg
Q130514,Luxor
Q425492,Luzhou
Q956017,Luziânia
Q141358,Lyubertsy
Q360235,Ma'anshan
Q1309,Maastricht
Q55737,Mabalacat
Q473250,Macaé
Q180215,Macapá
Q14773,Macau
Q168888,Maceió
Q693093,Machakos
Q210628,Machida
Q3236167,Machiques
Q219656,Macon
Q2230683,Madhyamgram
Q43788,Madison
Q2807,Madrid
Q228405,Madurai
Q201613,Maebashi
Q1733,Magdeburg
Q841218,Magé
Q11017,Magelang
Q95449,Magnitogorsk
Q2768192,Mahbubnagar
Q1807947,Maheshtala
Q990403,Maia
Q221436,Maiduguri
Q1720,Mainz
Q931560,Mairiporã
Q14634,Makassar
Q1508,Makati
Q5168,Makhachkala
Q3818,Malabo
Q8861,Malabon
Q8851,Málaga
Q220049,Malakal
Q11445,Malang
Q165995,Malatya
Q28479149,Malatya Metropolitan Municipality
Q1856,Malaybalay
Q605209,Malayer
Q9347,Malé
Q393498,Mallawi
Q2180,Malolos
Q15847,Manado
Q3274,Managua
Q3882,Manama
Q40236,Manaus
Q18125,Manchester
Q48370,Manchester
Q890671,Manchouli
Q185518,Mandalay
Q9085,Mandaluyong
Q1252806,Mandi Bahauddin
Q1922275,Mandsaur
Q1006277,Mandya
Q127041,Mangalore
Q1159185,Mangaung Metropolitan Municipality
Q1461,Manila
Q147089,Manisa
Q28479163,Manisa Metropolitan Municipality
Q2119,Mannheim
Q698064,Manpo
Q997069,Mansa
Q223587,Mansoura
Q115403,Manzanillo
Q495730,Manzini
Q38927,Maoming
Q3889,Maputo
Q52607,Mar del Plata
Q509818,Marabá
Q171632,Maracaibo
Q1794732,Maracanaú
Q333928,Maracay
Q1795232,Maranguape
Q134703,Marash
Q592338,Marawi
Q484799,Marbella
Q188022,Mardin
Q28479174,Mardin Metropolitan Municipality
Q261076,Margilan
Q1010,Maribor
Q847037,"Maricá, Rio de Janeiro"
Q737660,Marília
Q208669,Maringá
Q1805166,Marituba
Q631517,Marivan
Q44016,Markham
Q101625,Marrakesh
Q23482,Marseille
Q460835,Marugame
Q5713,Mary
Q495387,Masan
Q1001914,Masaya
Q545707,Mascara
Q3909,Maseru
Q121157,Mashhad
Q643172,Masjed Soleyman
Q596688,Matagalpa
Q738353,Matamoros
Q272471,Matanzas
Q14126,Mataram
Q314686,Mati
Q109949,Matola
Q841299,Matosinhos
Q774952,Matsubara
Q320943,Matsudo
Q207321,Matsue
Q213324,Matsumoto
Q460829,Matsusaka
Q200022,Matsuyama
Q842779,Maturín
Q331300,Mauá
Q685941,Mawlamyine
Q525118,Maxixe
Q3752,Maykop
Q130469,Mazar-i-Sharif
Q386487,Mazyr
Q51698,McAllen
Q51697,McKinney
Q5806,Mecca
Q5972,Medan
Q48278,Medellín
Q35484,Medina
Q12447537,Medinipur
Q200237,Meerut
Q1922283,Mehsana
Q427097,Meishan
Q59184,Meizhou
Q332319,Mek'ele
Q178663,Meknes
Q3141,Melbourne
Q16563,Memphis
Q2996335,Menderes
Q44237,Mendoza
Q2152404,Menemen
Q165204,Mérida
Q23551,Mérida
Q1017594,Merlo
Q134291,Mersin
Q28479183,Mersin Metropolitan Municipality
Q934149,Meru
Q49261,Mesa
Q984780,Mesquita
Q51696,Mesquite
Q13666,Messina
Q8158,Metro
Q12184118,Metropolitan Municipality of Lima
Q1489,Mexico City
Q2187,Meycauayan
Q721455,Miami Gardens
Q426130,Mianyang
Q105455,Miass
Q171866,Middlesbrough
Q128321,Midland
Q490,Milan
Q204234,Milton Keynes
Q37836,Milwaukee
Q991006,Minatitlán
Q31356,Mingora
Q36091,Minneapolis
Q665097,Minō
Q2280,Minsk
Q310117,Minya
Q1006343,Mira-Bhayandar
Q745168,Miramar
Q986803,Miri
Q1020490,Mirpur Khas
Q42096,Miryang
Q956371,Mirzapur
Q853061,Misato
Q653478,Mishima
Q102397,Miskolc
Q131323,Misrata
Q50816,Mississauga
Q337123,Mit Ghamr
Q242885,Mitaka
Q204249,Mito
Q638301,Miyakonojō
Q204308,Miyazaki
Q79875,Mobile
Q221914,Moçâmedes
Q279,Modena
Q204561,Modesto
Q3132,Moers
Q2449,Mogadishu
Q194332,Mogi das Cruzes
Q956172,Mogi Guaçu
Q154835,Mogilev
Q1949069,Mohali
Q647417,Mohammedia
Q11447,Mojokerto
Q42094,Mokpo
Q225641,Mombasa
Q2758,Mönchengladbach
Q3748,Monrovia
Q1017554,Monte Grande
Q637555,Montego Bay
Q852725,Montería
Q990706,Montero
Q81033,Monterrey
Q651906,Montes Claros
Q1335,Montevideo
Q29364,Montgomery
Q6441,Montpellier
Q340,Montreal
Q193370,Montreuil
Q6252,Monza
Q1496283,Moreno
Q494720,Moreno Valley
Q694154,Moriguchi
Q200077,Morioka
Q243319,Morogoro
Q3901,Moroni
Q649,Moscow
Q271733,Moshi
Q694845,Mossoró
Q187826,Móstoles
Q83317,Mosul
Q333074,Moundou
Q217646,Mudanjiang
Q636209,Mufulira
Q216912,Muğla
Q28479189,Muğla Metropolitan Municipality
Q310772,Mukalla
Q2899,Mülheim an der Ruhr
Q79815,Mulhouse
Q185453,Multan
Q1156,Mumbai
Q494606,Munchon
Q1726,Munich
Q2742,Münster
Q330643,Muradabad
Q501766,Murfreesboro
Q1637446,Muriaé
Q1763,Murmansk
Q162677,Murom
Q838787,Murrieta
Q210661,Musashino
Q3826,Muscat
Q847315,Musoma
Q12242935,Musturud
Q399322,Mutare
Q1453196,Muzaffarpur
Q110218,Mwanza
Q1062370,Myitkyina
Q10086,Mysore
Q23185,Mytishchi
Q502216,Mzuzu
Q3659,N'Djamena
Q1006330,Nabadwip
Q26134,Nabatieh
Q95041,Naberezhnye Chelny
Q990080,Nacala
Q219039,"Nadiad, Gujarat"
Q824594,Nador
Q2207,Naga
Q316197,Naga
Q844130,Nagahama
Q128849,Nagano
Q540312,Nagaoka
Q695585,Nagapattinam
Q328625,Nagareyama
Q38234,Nagasaki
Q11751,Nagoya
Q1513,Nagpur
Q1012460,Nagqu
Q181966,Naha
Q68593,Naihati
Q3870,Nairobi
Q168193,Najaf
Q721198,Najafabad
Q27174,Najran
Q156658,Nakhodka
Q633036,Nakhon Ratchasima
Q1012424,Nakhon Si Thammarat
Q239421,Nakuru
Q5265,Nalchik
Q33682,Nam Định
Q492552,Namangan
Q109386,Nampho
Q323801,Nampula
Q134121,Namur
Q42084,Namyangju
Q171943,Nanchang
Q426996,Nanchong
Q40898,Nancy
Q16666,Nanjing
Q179608,Nanning
Q68534,Nanping
Q12191,Nantes
Q57947,Nantong
Q404763,Nanyang
Q243007,Naperville
Q2634,Naples
Q169134,Nara
Q318047,Narashino
Q273798,Narita
Q2799572,Narsingdi
Q200235,Nashik
Q23197,Nashville
Q38811,Nasiriya
Q2467,Nassau
Q498027,Nasushiobara
Q131620,Natal
Q2110515,Naucalpan de Juárez
Q61445,Navi Mumbai
Q763015,Navoiy
Q1001522,Navojoa
Q1017637,Nawabshah
Q37400,Naypyidaw
Q2570924,Nazarabad
Q637120,Nazilli
Q163935,Nazran
Q287722,Nchelenge
Q219671,Ndola
Q172601,Neftekamsk
Q172616,Nefteyugansk
Q668616,Negombo
Q426756,Neijiang
Q638260,Neiva
Q61434,Nellore
Q1856565,Nelson Mandela Bay Metropolitan Municipality
Q192225,Netanya
Q44239,Neuquén
Q2948,Neuss
Q165806,Nevinnomyssk
Q206879,Nevşehir
Q2563840,New Barrackpore
Q12197874,New Borg El Arab
Q12191144,New Cairo
Q987,New Delhi
Q49145,New Haven
Q34404,New Orleans
Q60,New York City
Q57278,Newcastle
Q1425428,Newcastle upon Tyne
Q101254,Newport
Q389633,Neyagawa
Q745906,Ngaoundéré
Q19491,Nha Trang
Q664550,Niamey
Q3674,Niamey
Q33959,Nice
Q3856,Nicosia
Q194146,Niğde
Q179691,Niigata
Q386628,Niihama
Q386691,Niiza
Q156760,Nikopol
Q983459,Nilópolis
Q42807,Nîmes
Q42780,Ningbo
Q68919,Ningde
Q1374884,Ningxiang City
Q129259,Niš
Q131350,Nishapur
Q243853,Nishinomiya
Q317844,Nishio
Q242882,Nishitōkyō
Q178725,Niterói
Q41473,Nizamabad
Q172657,Nizhnekamsk
Q172637,Nizhnevartovsk
Q891,Nizhny Novgorod
Q98967,Nizhny Tagil
Q1012831,Nizip
Q653389,Nobeoka
Q328619,Noda
Q175480,Noginsk
Q42088,Nonsan
Q768864,Nonthaburi
Q175517,Norilsk
Q40347,Norman
Q2318208,North Barrackpore
Q36752,North Dum Dum
Q143782,North Las Vegas
Q494715,Norwalk
Q130191,Norwich
Q1800687,Nossa Senhora do Socorro
Q41262,Nottingham
Q3688,Nouakchott
Q468563,Nova Friburgo
Q188897,Nova Iguaçu
Q1790206,Nova Serrana
Q6046,Novara
Q202453,Novi Pazar
Q55630,Novi Sad
Q321331,Novo Hamburgo
Q175433,Novocheboksarsk
Q175452,Novocherkassk
Q175124,Novokuybyshevsk
Q93910,Novokuznetsk
Q175161,"Novomoskovsk, Russia"
Q15760,Novorossiysk
Q155809,Novoshakhtinsk
Q883,Novosibirsk
Q175470,Novy Urengoy
Q175524,Noyabrsk
Q489898,Nukus
Q241037,Numazu
Q1520,Nur-Sultan
Q2090,Nuremberg
Q1553052,Nusaybin
Q851576,Nyala
Q1012465,Nyingchi
Q171223,Nyíregyháza
Q17042,Oakland
Q424984,Oakville
Q2838,Oberhausen
Q177149,Obihiro
Q175651,Obninsk
Q1020901,Obuasi
Q488924,Oceanside
Q1972757,Ocumare del Tuy
Q267258,Odawara
Q293927,Ödemiş
Q25331,Odense
Q1874,Odessa
Q175742,Odintsovo
Q850837,Odivelas
Q3042,Offenbach am Main
Q384926,Ōgaki
Q500366,Ogbomosho
Q199609,Ōita
Q200078,Okayama
Q242783,Okazaki
Q328615,Okinawa
Q34863,Oklahoma City
Q176325,Oktyabrsky
Q593022,Olathe
Q2564010,Old Malda
Q2936,Oldenburg
Q28301,Olinda
Q986429,Olmaliq
Q81137,Olomouc
Q82765,Olsztyn
Q43199,Omaha
Q180921,Omdurman
Q237683,Ōme
Q898,Omsk
Q385623,Ōmuta
Q852238,Onitsha
Q385762,Ōnojō
Q696694,Onomichi
Q488134,Ontario
Q92212,Opole
Q93358,Oradea
Q487439,Oral
Q131818,Oran
Q491350,Orange
Q570937,Ordos City
Q184539,Ordu
Q28479191,Ordu Metropolitan Municipality
Q25732,Örebro
Q176636,Orekhovo-Zuyevo
Q5337,Orenburg
Q49233,Orlando
Q6548,Orléans
Q1014782,Ormoc
Q208609,Orsha
Q47166,Orsk
Q35246,Oruro
Q35765,Osaka
Q11441519,Osaka Bay Area
Q385892,Ōsaki
Q42129,Osan
Q4035,Osasco
Q47282,Osh
Q211867,Oshawa
Q386052,Ōshū
Q162548,Oskemen
Q585,Oslo
Q2462135,Osmanabad
Q181379,Osmaniye
Q2916,Osnabrück
Q51059,Osorno
Q8385,Ostrava
Q386179,Ōta
Q242108,Otaru
Q202907,Ōtsu
Q1930,Ottawa
Q3777,Ouagadougou
Q193802,Oujda
Q47048,Oulu
Q99151,Ourense
Q985605,Ourinhos
Q500481,Overland Park
Q21414421,Oviedo
Q583619,Owerri
Q34217,Oxford
Q209338,Oxnard
Q374511,Oyama
Q263837,Ozamiz
Q1018144,Paarl
Q628172,Paço do Lumiar
Q5974,Padang Sidempuan
Q2971,Paderborn
Q617,Padua
Q874270,Pagadian
Q8130,Pagar Alam
Q1026270,Paita
Q42153,Paju
Q3360716,Pak Kret
Q383622,Pakse
Q1006240,Palakkad
Q1945121,Palakollu
Q14409,Palangkaraya
Q8131,Palembang
Q2656,Palermo
Q973513,Palhoça
Q6634626,Pali
Q816809,Palm Bay
Q8826,Palma de Mallorca
Q178993,Palmas
Q488940,Palmdale
Q3133884,Palo Negro
Q14635,Palopo
Q15826,Palu
Q10282,Pamplona
Q967367,Panabo
Q3306,Panama City
Q1801463,Panihati
Q75230,Panjin
Q425415,Panzhihua
Q1200299,Panzhou City
Q3001,Paramaribo
Q44213,Paraná
Q503852,Paranaguá
Q1806100,Parauapebas
Q14636,Parepare
Q926713,Parintins
Q90,Paris
Q2683,Parma
Q1643864,Parnaíba
Q986261,Parnamirim
Q51695,Pasadena
Q485176,Pasadena
Q525647,Passo Fundo
Q985579,Passos
Q11449,Pasuruan
Q1647167,Pathankot
Q208162,Patiala
Q80484,Patna
Q509324,Patnos
Q1966384,Patos
Q984571,Patos de Minas
Q133123,Patras
Q170919,Pattaya
Q949833,Paulista
Q956008,Paulo Afonso
Q486282,Pavlodar
Q7261,Payakumbuh
Q982550,Pearland
Q45779,Pécs
Q849292,Pedro Juan Caballero
Q11026,Pekalongan
Q7786,Pekanbaru
Q109188,Pelotas
Q5979,Pematangsiantar
Q498048,Pemba
Q370972,Pembroke Pines
Q5540,Penza
Q233129,Peoria
Q51686,Peoria
Q51111,Pereira
Q652895,Peristeri
Q915,Perm
Q6730,Perpignan
Q3183,Perth
Q3437,Perugia
Q19157,Pervouralsk
Q2704,Pescara
Q1113311,Peshawar
Q190828,Petah Tikva
Q864965,Petaling Jaya
Q172438,Peterborough
Q1001440,Pétion-Ville
Q842143,Petrolina
Q488379,Petropavl
Q7951,Petropavlovsk-Kamchatsky
Q189043,Petrópolis
Q1895,Petrozavodsk
Q3046,Pforzheim
Q25315,Phan Thiết
Q1345,Philadelphia
Q1850,Phnom Penh
Q16556,Phoenix
Q13329,Piacenza
Q1856408,Piedras Negras
Q1273644,Pikine
Q119219,Pimpri-Chinchwad
Q244139,Pinar del Rio
Q974642,Pindamonhangaba
Q404116,Pingdingshan
Q2060398,Pingdu
Q533985,Pingliang
Q1027734,Pingxiang
Q362865,Pingxiang
Q1788891,Pinhais
Q204150,Pinsk
Q330175,Piracicaba
Q3015863,Piranshahr
Q2004395,Piraquara
Q290504,Pisco
Q187938,Pitești
Q1342,Pittsburgh
Q223966,Piura
Q1342853,Pizhou
Q15266961,Places of worship in Bangalore
Q51689,Plano
Q165420,Pleven
Q104725,Płock
Q179585,Ploiești
Q459,Plovdiv
Q43382,Plymouth
Q43453,Plzeň
Q377601,Poá
Q42155,Pocheon
Q207324,Pochinki
Q817216,Poços de Caldas
Q23564,Podgorica
Q19520,Podolsk
Q42157,Pohang
Q223920,Pointe-Noire
Q6640,Pokhara
Q945388,Polatlı
Q486868,Pomona
Q242906,Ponta Grossa
Q14168,Pontianak
Q203349,Poole
Q335135,Popayán
Q953449,Porlamar
Q203476,Port Blair
Q125434,Port Elizabeth
Q217432,Port Harcourt
Q3929,Port Louis
Q36526,Port Moresby
Q134509,Port Said
Q667749,Port St. Lucie
Q208718,Port Sudan
Q34261,Port-au-Prince
Q6106,Portland
Q644663,Portmore
Q36433,Porto
Q40269,Porto Alegre
Q1018592,Porto Amboim
Q499922,Porto Seguro
Q172512,Porto Velho
Q72259,Portsmouth
Q44238,Posadas
Q605167,Potchefstroom
Q35045,Potosí
Q1711,Potsdam
Q949798,Pouso Alegre
Q268,Poznań
Q8133,Prabumulih
Q1085,Prague
Q3751,Praia
Q851292,Praia Grande
Q13377,Prato
Q525618,Presidente Prudente
Q184090,Preston
Q3926,Pretoria
Q25270,Pristina
Q11450,Probolinggo
Q184147,Prokopyevsk
Q18383,Providence
Q23443,Provo
Q2214,Pskov
Q496765,Pu'er City
Q217071,Pucallpa
Q125378,Pudong
Q125293,Puebla City
Q675576,Pueblo
Q991400,Puerto Barrios
Q995695,Puerto Cabello
Q673089,Puerto Cortés
Q379509,Puerto la Cruz
Q748028,Puerto Madryn
Q36214,Puerto Montt
Q2228596,Pujali
Q477148,Pul-e Khomri
Q1538,Pune
Q1346536,Puning
Q232842,Puno
Q51599,Punta Arenas
Q1020279,Punto Fijo
Q207799,Puri
Q1771762,Purnia
Q184322,Pushkino
Q68579,Putian
Q404484,Puyang
Q41970,Pyatigorsk
Q42154,Pyeongtaek
Q514136,Pyongsong
Q18808,Pyongyang
Q105546844,Q105546844
Q106642078,Q106642078
Q12293642,Q12293642
Q35623463,Q35623463
Q97290584,Q97290584
Q720937,Qaem Shahr
Q644008,Qarshi
Q12191403,Qatif
Q181578,Qazvin
Q336661,Qena
Q170322,Qingdao
Q533764,Qingyang
Q59213,Qingyuan
Q58560,Qinhuangdao
Q571766,Qinzhou
Q205922,Qiqihar
Q349979,Qitaihe
Q170573,Qom
Q68695,Quanzhou
Q2145,Quebec City
Q1800756,Queimados
Q318306,Quelimane
Q185458,Quetta
Q334577,Quetzaltenango
Q1475,Quezon City
Q816420,Quibdó
Q1021748,Quíbor
Q1002090,Quillacollo
Q828782,Quilmes
Q2900,Quito
Q496405,Qujing
Q97290671,Qurayyat
Q58235,Quzhou
Q3551,Rabat
Q104740,Radom
Q2471226,Rafael Castillo
Q172343,Rafah
Q2304045,Raiganj
Q372773,Raipur
Q24912626,Raipur-Bhilai-Durg Tri City Metro area
Q1639492,Rajamahendravaram
Q247261,Rajarhat Gopalpur
Q11854,Rajkot
Q261988,Rajpur Sonarpur
Q322155,Rajshahi
Q41087,Raleigh
Q192961,Ramadi
Q192807,Ramat Gan
Q163643,Ramenskoye
Q2076464,Ramos Mejía
Q4582,Rancagua
Q174461,Ranchi
Q495365,Rancho Cucamonga
Q2296366,Randburg
Q994514,Rangpur
Q283368,Raqqa
Q178373,Rasht
Q221734,Rason
Q652376,Ratlam
Q13364,Ravenna
Q93230,Rawalpindi
Q636188,Ray
Q48344,Recife
Q3050,Recklinghausen
Q23025,Red Deer
Q2978,Regensburg
Q8471,Reggio Calabria
Q13360,Reggio Emilia
Q2123,Regina
Q207350,Rehovot
Q41876,Reims
Q3097,Remscheid
Q647,Rennes
Q49225,Reno
Q913390,Resende
Q44206,Resistencia
Q3085,Reutlingen
Q193293,Reutov
Q1764,Reykjavík
Q738303,Reynosa
Q737689,Ribeirão das Neves
Q927935,Ribeirão Pires
Q188892,Ribeirão Preto
Q495377,Richmond
Q52998,Richmond Hill
Q1771398,Riffa
Q1773,Riga
Q1647,Rijeka
Q13369,Rimini
Q171612,Rio Branco
Q291277,Rio Claro
Q983451,Río Cuarto
Q1787668,Rio das Ostras
Q8678,Rio de Janeiro
Q869571,Rio Grande
Q942064,Rio Verde
Q826566,Riohacha
Q201051,Rishon LeZion
Q2453443,Rishra
Q49243,Riverside
Q3692,Riyadh
Q201101,Rize
Q373101,Rizhao
Q967688,Robat Karim
Q486479,Rochester
Q49218,Rochester
Q233892,Rockford
Q1453180,Rohtak
Q220,Rome
Q983714,Rondonópolis
Q2166182,Roodepoort
Q52535,Rosario
Q491340,Roseville
Q2861,Rostock
Q908,Rostov-on-Don
Q217039,Rotherham
Q34370,Rotterdam
Q30974,Rouen
Q2209,Roxas
Q193380,Rubtsovsk
Q108679,Ruda Śląska
Q1019424,Rufisque
Q1023796,Rugao
Q713357,Rui'an
Q1355911,Ruili
Q160173,Ruse
Q182521,Rustavi
Q2746,Ryazan
Q193413,Rybinsk
Q598,Rzeszów
Q2987563,Sa Đéc City
Q1724,Saarbrücken
Q12258,Sabadell
Q1451808,Sabará
Q208389,Sabha
Q192918,Sabratha
Q765553,Sabzevar
Q995727,Sacaba
Q42100,Sacheon
Q18013,Sacramento
Q183405,Safi
Q209766,Saga
Q209779,Sagamihara
Q1787527,Sagay
Q139229,Saguenay
Q242895,Saharanpur
Q1949422,Saharsa
Q523778,Sahiwal
Q633945,Saijō
Q28848,Saint Paul
Q656,Saint Petersburg
Q47045,Saint-Denis
Q160506,Saint-Denis
Q42716,Saint-Étienne
Q273779,Saint-Louis
Q132189,Saint-Marc
Q316887,Saint-Paul
Q134635,Saitama
Q850344,Sakado
Q193428,Sakai
Q97290622,Sakakah
Q3945164,Sakarya
Q504690,Sakata
Q498011,Sakura
Q15695,Salamanca
Q75621,Salamiyah
Q11021,Salatiga
Q193443,Salavat
Q466046,Salé
Q9863,Salem
Q1083,Salerno
Q47952,Salford
Q1012935,Salihli
Q201393,Salihorsk
Q488125,Salinas
Q23337,Salt Lake City
Q36307,Salta
Q53077,Saltillo
Q335506,Salto
Q1994826,Salto
Q36947,Salvador
Q34713,Salzburg
Q3200,Salzgitter
Q1020674,Samal
Q840957,Samandağ
Q894,Samara
Q14499,Samarinda
Q5753,Samarkand
Q170047,Samarra
Q750679,Samawah
Q247248,Sambhal
Q160450,Samsun
Q28479195,Samsun Metropolitan Municipality
Q975,San Antonio
Q486168,San Bernardino
Q43165,San Carlos
Q995718,San Carlos
Q1025390,San Carlos
Q820235,San Cristóbal
Q16552,San Diego
Q1018781,San Diego
Q40584,San Fernando
Q55740,San Fernando
Q990764,San Fernando de Apure
Q44162,San Fernando del Valle de Catamarca
Q62,San Francisco
Q681999,San Francisco de Macorís
Q55599,San Jose
Q16553,San Jose
Q3070,San José
Q2193,San Jose del Monte
Q41211,San Juan
Q44241,San Juan
Q320015,San Juan de Pasto
Q2466841,San Justo
Q44243,San Luis
Q204271,San Luis Potosí
Q995380,San Luis Río Colorado
Q672458,San Miguel
Q44255,San Miguel de Tucumán
Q377965,San Nicolás de los Arroyos
Q914055,San Nicolás de los Garza
Q76001,San Pablo
Q75933,San Pedro
Q1944489,San Pedro Garza García
Q274584,San Pedro Sula
Q23044,San Rafael
Q3110,San Salvador
Q44217,San Salvador de Jujuy
Q2471,Sanaa
Q272093,Sanandaj
Q845720,Sancti Spíritus
Q847607,Sanda
Q137203,Sandakan
Q1026420,Sandton
Q42163,Sangju
Q429215,Sangli
Q133118,Şanlıurfa
Q28479201,Şanlıurfa Metropolitan Municipality
Q404636,Sanmenxia
Q68614,Sanming
Q646912,Sano
Q739664,Santa Ana
Q49244,Santa Ana
Q983747,Santa Bárbara d'Oeste
Q1798241,Santa Catarina
Q159260,Santa Clara
Q211590,Santa Clara
Q491132,Santa Clarita
Q958586,Santa Cruz de Barahona
Q170688,Santa Cruz de la Sierra
Q24014650,Santa Cruz de Tenerife
Q781510,Santa Cruz do Sul
Q44244,Santa Fe
Q3472806,Santa Lucía
Q942235,"Santa Luzia, Minas Gerais"
Q740833,Santa Maria
Q564813,Santa Maria da Feira
Q209016,Santa Marta
Q1937304,Santa Rita
Q1027004,Santa Rita
Q76010,Santa Rosa
Q212991,Santa Rosa
Q44215,Santa Rosa
Q1390081,Santa Teresa del Tuy
Q1994845,Santana
Q526318,Santana de Parnaíba
Q12233,Santander
Q659450,Santarém
Q50180,Santiago
Q2887,Santiago
Q117040,Santiago de Cuba
Q44253,Santiago del Estero
Q2035284,Santipur
Q191652,Santo André
Q1764163,Santo Antônio de Jesus
Q34820,Santo Domingo
Q59799,Santo Tomas
Q81882,Santos
Q184403,São Bernardo do Campo
Q967648,São Caetano do Sul
Q194338,São Carlos
Q83114,São Gonçalo
Q459690,São João de Meriti
Q1006367,São José de Ribamar
Q192181,São José do Rio Preto
Q191642,São José dos Campos
Q478818,São José dos Pinhais
Q173849,"São José, Santa Catarina"
Q688275,São Leopoldo
Q1796467,São Lourenço da Mata
Q28441,São Luís
Q1763574,São Mateus
Q174,São Paulo
Q581213,São Pedro da Aldeia
Q272254,São Vicente
Q37951,Sapporo
Q942122,Sapucaia do Sul
Q348972,Saqqez
Q11194,Sarajevo
Q5343,Saransk
Q5332,Saratov
Q855997,Sargodha
Q168843,Sari
Q505807,Sariwon
Q328000,Sasebo
Q10566,Saskatoon
Q13629,Sassari
Q581562,Satara
Q58794,Satna
Q185332,Satu Mare
Q83813,Savannah
Q750443,Savannakhet
Q824009,Sayama
Q12887,Schaerbeek - Schaarbeek
Q1709,Schwerin
Q49221,Scottsdale
Q5083,Seattle
Q1003502,Secunderabad
Q333476,Ségou
Q990448,Seixal
Q2320876,Seiyun
Q20929,Sejong City
Q243293,Sekondi-Takoradi
Q11025,Semarang
Q61944,Semey
Q203045,Semnan
Q46747,Sendai
Q42103,Seogwipo
Q42108,Seongnam
Q42105,Seosan
Q8684,Seoul
Q1815367,Serampore
Q847610,Seremban
Q193722,Sergiyev Posad
Q194067,Serpukhov
Q927537,Serra
Q1795634,Sertãozinho
Q841226,Sete Lagoas
Q244004,Sétif
Q499493,Seto
Q818019,Settat
Q173699,Setúbal
Q7525,Sevastopol
Q190499,Severodvinsk
Q193909,Seversk
Q8717,Seville
Q500033,Shah Alam
Q862105,Shahin Shahr
Q386649,Shahrekord
Q765571,Shahreza
Q569766,Shahrisabz
Q198206,Shakhty
Q8686,Shanghai
Q515983,Shangluo
Q404817,Shangqiu
Q363479,Shangrao
Q59100,Shantou
Q59189,Shanwei
Q59107,Shaoguan
Q42666,Shaoxing
Q194531,Shaoyang
Q289693,Sharjah
Q198369,Shchyolkovo
Q838954,Sheberghan
Q42448,Sheffield
Q377588,Sheikh Othman
Q972756,Sheikhupura
Q11720,Shenyang
Q15174,Shenzhen
Q139473,Sherbrooke
Q31350,"Shibin Al Kawm, Al Minufiyah"
Q848680,Shihezi
Q58401,Shijiazhuang
Q83786,Shimla
Q203308,Shimonoseki
Q6397066,Shiraz
Q71227,Shiyan
Q604385,Shizuishan
Q174691,Shizuoka
Q131638,Shkodër
Q1357984,Shouguang
Q80517,Shreveport
Q349973,Shuangyashan
Q269960,Shubra El-Kheima
Q643929,Shūnan
Q73020,Shuozhou
Q643386,Shushtar
Q485496,Shymkent
Q643883,Sialkot
Q134712,Šiauliai
Q83324,Sibiu
Q1048700,Sibu
Q4418748,Sidi Bennour
Q163490,Sidon
Q3167,Siegen
Q11711,Siem Reap
Q42113,Siheung
Q185084,Siirt
Q722827,Sikasso
Q1020696,Silay
Q5087,Siliguri
Q7517375,"Simara, Nepal"
Q19566,Simferopol
Q323414,Simi Valley
Q1645080,Simões Filho
Q1043513,Sincelejo
Q334,Singapore
Q14169,Singkawang
Q180192,Sinop
Q511352,Sinpo
Q156243,Sinuiju
Q131335,Sioux Falls
Q92297,Siping
Q605224,Sirjan
Q738748,Sittwe
Q107401,Sivas
Q216897,Siverek
Q384,Skopje
Q211907,Slough
Q2337,Smolensk
Q1815899,Sobral
Q39420,Sochi
Q986288,Socopó
Q472,Sofia
Q388108,Sohag
Q734442,Sōka
Q845097,Sokodé
Q237847,Solapur
Q397343,Solihull
Q196384,Solikamsk
Q2942,Solingen
Q13124930,Soma
Q505930,Songrim
Q92364,Songyuan
Q2321929,Sopore
Q188901,Sorocaba
Q26837,Sorong
Q174096,Sorsogon City
Q105060,Sosnowiec
Q486877,South Bend
Q41538,South Dum Dum
Q10128,South Tangerang
Q79848,Southampton
Q846939,Spanish Town
Q1663,Split
Q187805,Spokane
Q135615,Springfield
Q28515,Springfield
Q49158,Springfield
Q41963,Sri Jayawardenepura Kotte
Q170115,Srinagar
Q153647,St Helens
Q126805,St. Catharines
Q2082,St. John's
Q38022,St. Louis
Q49236,St. Petersburg
Q49169,Stamford
Q170415,Stara Zagora
Q196486,Stary Oskol
Q26772333,Stavanger
Q5206,Stavropol
Q927243,Sterling Heights
Q196489,Sterlitamak
Q1754,Stockholm
Q49240,Stockton
Q134902,Stoke-on-Trent
Q6602,Strasbourg
Q1022,Stuttgart
Q876876,Subang Jaya
Q170287,Subotica
Q46400,Suceava
Q2907,Sucre
Q134514,Suez
Q349985,Suihua
Q426644,Suining
Q653510,Suita
Q71401,Suizhou
Q10397,Sukabumi
Q868631,Sukkur
Q191204,Sulaymaniyah
Q510413,Sullana
Q942135,Sumaré
Q115323,Sumbawanga
Q179833,Sumgait
Q42112,Suncheon
Q715946,Sunchon
Q188304,Sunderland
Q7592,Sungai Penuh
Q208459,Sunnyvale
Q57787,Suqian
Q11462,Surabaya
Q4803,Surakarta
Q4629,Surat
Q840951,Surat Thani
Q183002,Surgut
Q1019949,Surigao City
Q51687,Surprise
Q390583,Surrey
Q20714,Suwon
Q737670,Suzano
Q42622,Suzhou
Q360643,Suzhou
Q207311,Suzuka
Q23051,Swansea
Q200942,Swindon
Q3130,Sydney
Q2143,Syktyvkar
Q466221,Sylhet
Q13670,Syracuse
Q2219,Syzran
Q393,Szczecin
Q81581,Szeged
Q182640,Ta'if
Q466216,Ta'izz
Q1706,Tabaco
Q841231,Taboão da Serra
Q643112,Tabora
Q80053,Tabriz
Q35925,Tabuk
Q244232,"Tabuk, Saudi Arabia"
Q648696,Tacheng
Q269634,Tachikawa
Q272795,Tacna
Q199797,Tacoma
Q170513,Taganrog
Q1826,Tagbilaran
Q1643,Taguig
Q725168,Tagum
Q217681,Tai'an
Q245023,Taichung
Q2289846,Tailândia
Q140631,Tainan
Q1867,Taipei
Q713381,Taitung City
Q1365433,Taixing
Q72778,Taiyuan
Q57931,Taizhou
Q58273,Taizhou
Q819689,Tajimi
Q200707,Takamatsu
Q502988,Takaoka
Q336438,Takasaki
Q335423,Takatsuki
Q3980318,Taki
Q2022168,Takoradi
Q4469,Talca
Q491102,Taldykorgan
Q1027120,Talisay
Q316500,Talisay
Q37043,Tallahassee
Q1770,Tallinn
Q213263,Tama
Q3544,Tambov
Q49255,Tampa
Q40840,Tampere
Q1730,Tanauan
Q513537,Tanchon
Q1000336,Tandil
Q1250417,Tando Allahyar
Q152902,Tanga
Q10127,Tangerang
Q126148,Tangier
Q58422,Tangshan
Q10104,Tanjung Pinang
Q5987,Tanjungbalai
Q271771,Tanta
Q2329701,Taourirt
Q115256,Taoyuan City
Q715975,Taoyuan District
Q988225,Tapachula
Q14501,Tarakan
Q2453287,Tarakeswar
Q13498,Taranto
Q927933,Tarapoto
Q486545,Taraz
Q186349,Târgu Mureș
Q167974,Táriba
Q35004,Tarija
Q1014010,Tarim
Q5285,Tarlac City
Q106281,Tarnów
Q134287,Tarsus
Q174916,Tartus
Q269,Tashkent
Q10399,Tasikmalaya
Q1795613,Tatuí
Q170540,Taubaté
Q207756,Tauranga
Q995163,Tawau
Q574469,Taza
Q994,Tbilisi
Q5989,Tebing Tinggi
Q11027,Tegal
Q3238,Tegucigalpa
Q3616,Tehran
Q282335,Teixeira de Freitas
Q182009,Tekirdağ
Q28479197,Tekirdağ Metropolitan Municipality
Q33935,Tel Aviv
Q576938,Telford
Q726143,Tema
Q1635606,Temara
Q838785,Temecula
Q1001104,Temirtau
Q51685,Tempe
Q596012,Temperley
Q82128,Temuco
Q1207076,Tengzhou
Q13695,Tenochtitlan
Q1637552,Teófilo Otoni
Q207972,"Tepic, Nayarit"
Q165341,Teresina
Q622836,Teresópolis
Q491879,Termez
Q19151,Ternate
Q8621,Terni
Q139190,Terrebonne
Q388242,Tete
Q185157,Tétouan
Q157024,Tetovo
Q207749,Thane
Q41496,Thanjavur
Q17151,Thessaloniki
Q600693,Thiès
Q9270,Thimphu
Q167715,Thiruvananthapuram
Q579761,Thornton
Q208447,Thousand Oaks
Q163798,Thrissur
Q34116,Thunder Bay
Q11736,Tianjin
Q533157,Tianshui
Q19153,Tidore
Q1344820,Tieli
Q75268,Tieling
Q124739,Tijuana
Q165444,Tikrit
Q26430,Tilburg
Q83404,Timișoara
Q1017101,Timon
Q1517139,Tinaquillo
Q19689,Tirana
Q132572,Tiraspol
Q1436816,Tirupathi
Q2287264,Titagarh
Q155277,Tlaquepaque
Q185134,Tlemcen
Q178067,Toamasina
Q182092,Tobruk
Q44830,Tochigi
Q913356,Tocuyito
Q823874,Toda
Q622620,Tōkai
Q183651,Tokat
Q715931,Tokchon
Q165857,Tokorozawa
Q207309,Tokushima
Q1490,Tokyo
Q7473516,Tokyo
Q49239,Toledo
Q316527,Toledo
Q1776774,Toledo
Q209034,Toluca
Q1341,Tolyatti
Q390413,Tomakomai
Q976,Tomsk
Q490928,Tondabayashi
Q514608,Tongchuan
Q570884,Tongliao
Q360326,Tongling
Q486235,Tongren
Q42152,Tongyeong
Q478302,Toowoomba
Q41057,Topeka
Q1011344,Torbalı
Q765528,Torbat-e Heydarieh
Q765715,Torbat-e Jam
Q638312,Toride
Q172,Toronto
Q489197,Torrance
Q386991,Torreón
Q47554,Toruń
Q200731,Tottori
Q44160,Toulon
Q7880,Toulouse
Q288,Tours
Q190021,Townsville
Q204266,Toyama
Q336431,Toyohashi
Q389495,Toyokawa
Q467479,Toyonaka
Q201117,Toyota
Q45301,Trabzon
Q28479199,Trabzon Metropolitan Municipality
Q63160,Trece Martires
Q1009276,Trelew
Q3376,Trento
Q22067368,Três Lagoas
Q207754,Trichy
Q3138,Trier
Q546,Trieste
Q985583,Trindade
Q34986,Trinidad
Q3579,Tripoli
Q44012,Trois-Rivières
Q25804,Trondheim
Q214173,Trujillo
Q203027,Tsu
Q653446,Tsuchiura
Q273863,Tsukuba
Q734416,Tsuruoka
Q841125,Tsuyama
Q1815730,Tubarão
Q18575,Tucson
Q374432,Tucuruí
Q2200,Tuguegarao
Q2770,Tula
Q985531,Tulkarm
Q44989,Tulsa
Q7852407,"Tulsipur, Nepal"
Q1818778,Tultepec
Q740477,Tultitlán de Mariano Escobedo
Q3572,Tunis
Q236744,Tunja
Q17396881,Turgutlu
Q495,Turin
Q848638,Turkistan
Q487684,Türkmenabat
Q38511,Turku
Q997084,Turmero
Q868527,Turpan
Q207429,Tuxtla Gutiérrez
Q35747,Tuy Hòa
Q174684,Tuzla
Q2288,Tver
Q11977,Tychy
Q82070,Tyre
Q5815,Tyumen
Q922944,Ubá
Q468765,Ube
Q381733,Uberaba
Q194328,Uberlândia
Q200340,Udaipur
Q816331,Udon Thani
Q584295,Udupi
Q844852,Ueda
Q911,Ufa
Q42135,Uijeongbu
Q1020192,Uitenhage
Q42134,Uiwang
Q326956,Uji
Q200119,Ujjain
Q23430,Ulaanbaatar
Q1000383,Ulan Hot
Q6816,Ulan-Ude
Q571219,Ulanqab
Q460222,Ulhasnagar
Q3012,Ulm
Q41278,Ulsan
Q2318927,Uluberia
Q5627,Ulyanovsk
Q842407,Umm Qasr
Q593948,Umuarama
Q27138,Unaizah
Q3183016,Ungaran
Q334985,Ünye
Q575780,Upington
Q695895,Urasoe
Q319729,Urayasu
Q43168,Urdaneta
Q472925,Urgench
Q179665,Urmia
Q399270,Uruapan
Q622823,Uruguaiana
Q694313,Uruma
Q16959,Ürümqi
Q189134,Uşak
Q196934,Ussuriysk
Q200589,Utsunomiya
Q2317215,Uttarpara Kotrung
Q156711,Uzhhorod
Q11909,Vadodara
Q160687,Valdivia
Q2158,Valencia
Q24017120,Valencia
Q8818,Valencia
Q54880,Valencia
Q1623,Valenzuela
Q1010367,Valera
Q983511,Valinhos
Q8356,Valladolid
Q1308292,Valle de la Pascua
Q376903,Valledupar
Q208445,Vallejo
Q33986,Valparaíso
Q983480,Valparaíso de Goiás
Q83061,Van
Q28479200,Van Metropolitan Municipality
Q24639,Vancouver
Q234053,Vancouver
Q127623,Vantaa
Q79980,Varanasi
Q983524,Varginha
Q6506,Varna
Q983884,Várzea Grande (Mato Grosso)
Q1759112,Várzea Paulista
Q580876,Vasai-Virar
Q25412,Västerås
Q44013,Vaughan
Q2235,Veliky Novgorod
Q641,Venice
Q9777,Venlo
Q490434,Ventura
Q2028,Verona
Q1012546,Vespasiano
Q732905,Viamão
Q6537,Vicenza
Q2132,Victoria
Q495353,Victorville
Q1637471,Vidisha
Q1741,Vienna
Q9326,Vientiane
Q3636023,Vijayapura
Q200017,Vijayawada
Q917326,Vila Franca de Xira
Q551658,Vila Nova de Famalicão
Q191135,Vila Nova de Gaia
Q334197,Vila Velha
Q1749958,Vilhena
Q174744,Villa Alemana
Q1756745,Villa Mercedes
Q210886,Villahermosa
Q2542686,Villanueva
Q749224,Villavicencio
Q582,Villeurbanne
Q216,Vilnius
Q184345,Viña del Mar
Q157144,Vinnytsia
Q497731,Viranşehir
Q6163801,Virrey del Pino
Q200016,Visakhapatnam
Q495373,Visalia
Q102217,Vitebsk
Q168376,Vitoria
Q24008392,Vitoria / Gasteiz
Q22062839,Vitória da Conquista
Q985685,Vitória de Santo Antão
Q3619248,Vizianagaram
Q5239,Vladikavkaz
Q2684,Vladimir
Q959,Vladivostok
Q159610,Vlorë
Q133175,Volgodonsk
Q914,Volgograd
Q1957,Vologda
Q276176,Volta Redonda
Q98995,Volzhsky
Q3426,Voronezh
Q942083,Votorantim
Q21194,Vũng Tàu
Q128244,Waco
Q616048,Wafangdian
Q200747,Wakayama
Q110732,Wałbrzych
Q25563103,Warangal
Q499401,Warren
Q215733,Warrington
Q270,Warsaw
Q61,"Washington, D.C."
Q49178,Waterbury
Q639408,Waterloo
Q276534,Wau
Q217698,Weifang
Q373023,Weihai
Q126995,Weinan
Q23661,Wellington
Q106576946,Wellington urban area
Q524250,Wenling
Q42635,Wenzhou
Q56036,West Berlin
Q212826,West Bromwich
Q494728,West Covina
Q52466,West Jordan
Q52465,West Valley City
Q948129,Westminster
Q49266,Wichita
Q128349,Wichita Falls
Q1721,Wiesbaden
Q208143,Wigan
Q132679,Willemstad
Q3935,Windhoek
Q182625,Windsor
Q2135,Winnipeg
Q49227,Winston-Salem
Q9125,Winterthur
Q3764,Witten
Q106681,Włocławek
Q3014,Wolfsburg
Q187861,Wollongong
Q42131,Wonju
Q109374,Wonsan
Q49179,Worcester
Q1646181,Worcester
Q1799,Wrocław
Q570768,Wuhai
Q11746,Wuhan
Q359990,Wuhu
Q2107,Wuppertal
Q2999,Würzburg
Q249007,Wuwei
Q42651,Wuxi
Q604517,Wuzhong
Q571652,Wuzhou
Q318299,Xai-Xai
Q221051,Xalapa
Q5826,Xi'an
Q68744,Xiamen
Q1359958,Xiangcheng City
Q215755,Xiangtan
Q71284,Xiangyang
Q71373,Xianning
Q497341,Xianyang
Q71339,Xiaogan
Q1211183,Xigazê
Q1028116,Xinghua
Q1023920,Xingning
Q69060,Xining
Q1344683,Xintai
Q404362,Xinxiang
Q404873,Xinyang
Q1023896,Xinyi
Q362959,Xinyu
Q73119,Xinzhou
Q360942,Xuancheng
Q373629,Xuanwei
Q404529,Xuchang
Q57719,Xuzhou
Q427557,Ya'an
Q328651,Yachiyo
Q696783,Yaizu
Q6610,Yakutsk
Q205526,Yamagata
Q207876,Yamaguchi
Q386697,Yamato
Q3768,Yamoussoukro
Q515388,Yan'an
Q97290593,Yanbu
Q57866,Yancheng
Q59209,Yangjiang
Q42124,Yangju
Q37995,Yangon
Q72907,Yangquan
Q42123,Yangsan
Q57906,Yangzhou
Q210493,Yantai
Q490872,Yao
Q3808,Yaoundé
Q1023493,Yaritagua
Q2423,Yaroslavl
Q383129,Yasuj
Q734479,Yatsushiro
Q182394,Yazd
Q887,Yekaterinburg
Q102346,Yelets
Q16418032,Yelizavetpol
Q50257,Yeoju
Q42126,Yeongju
Q42125,Yeosu
Q1953,Yerevan
Q135787,Yessentuki
Q33345,Yevpatoria
Q427265,Yibin
Q71266,Yichang
Q349976,Yichun
Q363326,Yichun
Q282948,Yidu
Q211243,Yinchuan
Q75150,Yingkou
Q363076,Yingtan
Q1015788,Yixing
Q416669,Yiyang
Q7568,Yogyakarta City
Q26410,Yokkaichi
Q38283,Yokohama
Q200578,Yokosuka
Q320964,Yonago
Q18459,Yongin
Q266014,Yongzhou
Q42462,York
Q5449,Yoshkar-Ola
Q210292,Yozgat
Q699777,Yueqing
Q151958,Yueyang
Q515712,Yulin
Q571918,Yulin
Q73073,Yuncheng
Q59233,Yunfu
Q1022251,Yushu
Q496496,Yuxi
Q1011201,Yuyao City
Q7859,Yuzhno-Sakhalinsk
Q1344848,Yuzhou
Q103892,Zabrze
Q16319283,Zafarwal
Q140304,Zagazig
Q1435,Zagreb
Q140561,Zahedan
Q145333,Zama
Q1629,Zamboanga City
Q145865,Zamora de Hidalgo
Q146699,Zanjan
Q2222874,Zanzibar City
Q147171,Zaoyang City
Q147187,Zaozhuang
Q147402,Zapopan
Q157835,Zaporizhzhia
Q31926034,Zaragoza
Q184046,Zenica
Q197377,Zhangjiagang
Q197379,Zhangjiajie
Q58650,Zhangjiakou
Q197402,Zhangye
Q68814,Zhangzhou
Q59144,Zhanjiang
Q59164,Zhaoqing
Q197519,Zhaotong
Q72536,Zheleznogorsk
Q30340,Zhengzhou
Q57958,Zhenjiang
Q59223,Zhongshan
Q197922,Zhongwei
Q197919,Zhongxiang City
Q198061,Zhoukou
Q58324,Zhoushan
Q198184,Zhucheng
Q59095,Zhuhai
Q198240,Zhumadian
Q198266,Zhuzhou
Q198370,Zibo
Q104720,Zielona Góra
Q29015,Zigong
Q202776,Ziguinchor
Q204365,Zinder
Q207030,Ziyang
Q140087,Zlatoust
Q219117,Zomba
Q227034,Zoucheng
Q28994,Zunyi
Q72,Zürich
Q793,Zwolle
