,demonym
http://www.wikidata.org/entity/Q63206994,/b/tards
http://www.wikidata.org/entity/Q39045417,/pol/acks
http://www.wikidata.org/entity/Q61052442,/v/ermin
http://www.wikidata.org/entity/Q61052442,/v/irgins
http://www.wikidata.org/entity/Q1515,Abidjanese
http://www.wikidata.org/entity/Q31354462,Abkhaz
http://www.wikidata.org/entity/Q23334,Abkhaz
http://www.wikidata.org/entity/Q31354462,Abkhazian
http://www.wikidata.org/entity/Q23334,Abkhazian
http://www.wikidata.org/entity/Q1519,Abu Dhabian
http://www.wikidata.org/entity/Q3761,Accran
http://www.wikidata.org/entity/Q389688,Achaemenian
http://www.wikidata.org/entity/Q389688,Achaemenid
http://www.wikidata.org/entity/Q1152445,Aerican
http://www.wikidata.org/entity/Q889,Afghan
http://www.wikidata.org/entity/Q15,African
http://www.wikidata.org/entity/Q105082407,African
http://www.wikidata.org/entity/Q2441088,Agrabahn
http://www.wikidata.org/entity/Q2441088,Agrabanian
http://www.wikidata.org/entity/Q37362,Akrotic-Dhecelic
http://www.wikidata.org/entity/Q37362,Akrotirian
http://www.wikidata.org/entity/Q173,Alabamian
http://www.wikidata.org/entity/Q173,Alabamians
http://www.wikidata.org/entity/Q5689,Ålandic
http://www.wikidata.org/entity/Q797,Alaskan
http://www.wikidata.org/entity/Q797,Alaskans
http://www.wikidata.org/entity/Q222,Albanian
http://www.wikidata.org/entity/Q222,Albanians
http://www.wikidata.org/entity/Q1951,Albertan
http://www.wikidata.org/entity/Q34804,Albuquerquean
http://www.wikidata.org/entity/Q404369,Alburanon
http://www.wikidata.org/entity/Q262,Algerian
http://www.wikidata.org/entity/Q1070,Amdavad
http://www.wikidata.org/entity/Q943559,Amelian
http://www.wikidata.org/entity/Q30,American
http://www.wikidata.org/entity/Q828,American
http://www.wikidata.org/entity/Q16641,American Samoan
http://www.wikidata.org/entity/Q30,Americans
http://www.wikidata.org/entity/Q3805,Ammani
http://www.wikidata.org/entity/Q727,Amsterdamer
http://www.wikidata.org/entity/Q9899,Amsterdamer
http://www.wikidata.org/entity/Q123559,Andalusi
http://www.wikidata.org/entity/Q5783,Andalusian
http://www.wikidata.org/entity/Q228,Andorran
http://www.wikidata.org/entity/Q65,Angeleno
http://www.wikidata.org/entity/Q916,Angolan
http://www.wikidata.org/entity/Q25228,Anguillan
http://www.wikidata.org/entity/Q564536,Annapolitan
http://www.wikidata.org/entity/Q28271,Annapolitan
http://www.wikidata.org/entity/Q781,Antigua and Barbuda
http://www.wikidata.org/entity/Q781,Antiguan
http://www.wikidata.org/entity/Q414,Argentine
http://www.wikidata.org/entity/Q414,Argentinian
http://www.wikidata.org/entity/Q816,Arizonan
http://www.wikidata.org/entity/Q816,Arizonans
http://www.wikidata.org/entity/Q1612,Arkanite
http://www.wikidata.org/entity/Q1612,Arkansan
http://www.wikidata.org/entity/Q1612,Arkansans
http://www.wikidata.org/entity/Q1612,Arkansawyan
http://www.wikidata.org/entity/Q1612,Arkansawyans
http://www.wikidata.org/entity/Q1612,Arkansawyer
http://www.wikidata.org/entity/Q1612,Arkansawyers
http://www.wikidata.org/entity/Q1612,Arkansian
http://www.wikidata.org/entity/Q1612,Arkansians
http://www.wikidata.org/entity/Q1612,Arkie
http://www.wikidata.org/entity/Q1612,Arkies
http://www.wikidata.org/entity/Q139670,Armenian
http://www.wikidata.org/entity/Q399,Armenian
http://www.wikidata.org/entity/Q82519290,Arstotzkan
http://www.wikidata.org/entity/Q21203,Aruban
http://www.wikidata.org/entity/Q27304761,Asgardian
http://www.wikidata.org/entity/Q48,Asian
http://www.wikidata.org/entity/Q6563843,Assassin
http://www.wikidata.org/entity/Q3934,asturian
http://www.wikidata.org/entity/Q1524,Athenian
http://www.wikidata.org/entity/Q844930,Athenians
http://www.wikidata.org/entity/Q37100,Aucklander
http://www.wikidata.org/entity/Q408,Australian
http://www.wikidata.org/entity/Q408,Australians
http://www.wikidata.org/entity/Q40,Austrian
http://www.wikidata.org/entity/Q109402,Aymaran
http://www.wikidata.org/entity/Q227,Azerbaijani
http://www.wikidata.org/entity/Q227,Azerbaijanis
http://www.wikidata.org/entity/Q227,Azeri
http://www.wikidata.org/entity/Q227,Azeris
http://www.wikidata.org/entity/Q1530,Baghdadi
http://www.wikidata.org/entity/Q778,Bahamian
http://www.wikidata.org/entity/Q96204511,Bahraini
http://www.wikidata.org/entity/Q398,Bahraini
http://www.wikidata.org/entity/Q9248,Bakuvian
http://www.wikidata.org/entity/Q107356467,Balearic
http://www.wikidata.org/entity/Q107356469,Balearic
http://www.wikidata.org/entity/Q107356470,Balearic
http://www.wikidata.org/entity/Q5765,Balearic
http://www.wikidata.org/entity/Q10389,Bandungite
http://www.wikidata.org/entity/Q58337,Banfite
http://www.wikidata.org/entity/Q108711280,Bangalorean
http://www.wikidata.org/entity/Q1355,Bangalorean
http://www.wikidata.org/entity/Q1861,Bangkokian
http://www.wikidata.org/entity/Q902,Bangladeshi
http://www.wikidata.org/entity/Q108653722,Bangladeshi (English)
http://www.wikidata.org/entity/Q108664229,Bangladeshi (English) (English)
http://www.wikidata.org/entity/Q108653722,bangladesi (Hungarian)
http://www.wikidata.org/entity/Q806973,Bantayanon
http://www.wikidata.org/entity/Q244,Barbadian
http://www.wikidata.org/entity/Q781,Barbudan
http://www.wikidata.org/entity/Q1492,Barcelonan
http://www.wikidata.org/entity/Q1013,Basotho
http://www.wikidata.org/entity/Q48195,basran
http://www.wikidata.org/entity/Q6563843,Batini
http://www.wikidata.org/entity/Q963,Batswana
http://www.wikidata.org/entity/Q771,Bay Stater
http://www.wikidata.org/entity/Q3820,Beiruti
http://www.wikidata.org/entity/Q184,Belarusian
http://www.wikidata.org/entity/Q31,Belgian
http://www.wikidata.org/entity/Q3711,Belgrader
http://www.wikidata.org/entity/Q242,Belizean
http://www.wikidata.org/entity/Q42800,Belo-horizontino
http://www.wikidata.org/entity/Q962,Beninese
http://www.wikidata.org/entity/Q112915,Bergenite
http://www.wikidata.org/entity/Q54165,Berkshirite
http://www.wikidata.org/entity/Q64,Berliner
http://www.wikidata.org/entity/Q64,Berliners
http://www.wikidata.org/entity/Q23635,Bermudan
http://www.wikidata.org/entity/Q23635,Bermudian
http://www.wikidata.org/entity/Q829310,Berytian
http://www.wikidata.org/entity/Q80989,Bhopali
http://www.wikidata.org/entity/Q917,Bhutanese
http://www.wikidata.org/entity/Q1007,Bissau-Guinean
http://www.wikidata.org/entity/Q2841,Bogotan
http://www.wikidata.org/entity/Q750,Bolivian
http://www.wikidata.org/entity/Q1891,Bolognese
http://www.wikidata.org/entity/Q1891,Bolognian
http://www.wikidata.org/entity/Q1156,Bombayan
http://www.wikidata.org/entity/Q225,Bosnian
http://www.wikidata.org/entity/Q100,Bostonian
http://www.wikidata.org/entity/Q963,Botswanan
http://www.wikidata.org/entity/Q963,Botswanans
http://www.wikidata.org/entity/Q159856,Brabançon
http://www.wikidata.org/entity/Q148499,Brandenburgian
http://www.wikidata.org/entity/Q2844,Brasiliense
http://www.wikidata.org/entity/Q155,Brazilian
http://www.wikidata.org/entity/Q155,Brazilians
http://www.wikidata.org/entity/Q327,Breton
http://www.wikidata.org/entity/Q12130,Bretons
http://www.wikidata.org/entity/Q327,Bretons
http://www.wikidata.org/entity/Q34932,Brisbanite
http://www.wikidata.org/entity/Q145,British
http://www.wikidata.org/entity/Q107482134,British
http://www.wikidata.org/entity/Q161885,British
http://www.wikidata.org/entity/Q174193,British
http://www.wikidata.org/entity/Q1973,British Columbian
http://www.wikidata.org/entity/Q145,Briton
http://www.wikidata.org/entity/Q161885,Briton
http://www.wikidata.org/entity/Q174193,Briton
http://www.wikidata.org/entity/Q19882251,BRKMian
http://www.wikidata.org/entity/Q2256,Brummie
http://www.wikidata.org/entity/Q921,Bruneian
http://www.wikidata.org/entity/Q19660,Bucharester
http://www.wikidata.org/entity/Q1781,Budapester
http://www.wikidata.org/entity/Q219,Bulgarian
http://www.wikidata.org/entity/Q965,Burkinabe
http://www.wikidata.org/entity/Q965,Burkinabé
http://www.wikidata.org/entity/Q965,Burkinabè
http://www.wikidata.org/entity/Q836,Burmese
http://www.wikidata.org/entity/Q34804,Burqueño
http://www.wikidata.org/entity/Q967,Burundian
http://www.wikidata.org/entity/Q63865539,ca/tg/irl
http://www.wikidata.org/entity/Q1011,Cabo Verdean
http://www.wikidata.org/entity/Q85,Cairene
http://www.wikidata.org/entity/Q1458,Calabrian
http://www.wikidata.org/entity/Q51103,Caleño
http://www.wikidata.org/entity/Q36312,Calgarian
http://www.wikidata.org/entity/Q99,Californian
http://www.wikidata.org/entity/Q424,Cambodian
http://www.wikidata.org/entity/Q1009,Cameroonian
http://www.wikidata.org/entity/Q16,Canadian
http://www.wikidata.org/entity/Q16,Canadians
http://www.wikidata.org/entity/Q5813,Canarian
http://www.wikidata.org/entity/Q3114,Canberran
http://www.wikidata.org/entity/Q350,Cantabrigian
http://www.wikidata.org/entity/Q49111,Cantabrigian
http://www.wikidata.org/entity/Q16572,Cantonese
http://www.wikidata.org/entity/Q1011,Cape Verdean
http://www.wikidata.org/entity/Q5465,Capetonian
http://www.wikidata.org/entity/Q1489,capitalino
http://www.wikidata.org/entity/Q1533,Caraquenian
http://www.wikidata.org/entity/Q315851,Carcaranon
http://www.wikidata.org/entity/Q10690,Cardiffian
http://www.wikidata.org/entity/Q664609,Caribbean
http://www.wikidata.org/entity/Q664609,Caribbean person
http://www.wikidata.org/entity/Q2334526,Carolinian
http://www.wikidata.org/entity/Q2513167,Carolinian
http://www.wikidata.org/entity/Q7903,Casablancais
http://www.wikidata.org/entity/Q179293,Castilian
http://www.wikidata.org/entity/Q5705,Catalan
http://www.wikidata.org/entity/Q783,Catracho
http://www.wikidata.org/entity/Q5785,Caymanian
http://www.wikidata.org/entity/Q929,Central African
http://www.wikidata.org/entity/Q657,Chadian
http://www.wikidata.org/entity/Q16644,Chamorro
http://www.wikidata.org/entity/Q16644,Chamorros
http://www.wikidata.org/entity/Q2127,Charlottetonian
http://www.wikidata.org/entity/Q1352,Chennaiite
http://www.wikidata.org/entity/Q1297,Chicagoan
http://www.wikidata.org/entity/Q298,Chilean
http://www.wikidata.org/entity/Q148,Chinese
http://www.wikidata.org/entity/Q13426199,Chinese
http://www.wikidata.org/entity/Q29520,Chinese
http://www.wikidata.org/entity/Q11725,Chongqinger
http://www.wikidata.org/entity/Q31063,Christmas Islander
http://www.wikidata.org/entity/Q31063,Christmas Islanders
http://www.wikidata.org/entity/Q365,Cologner
http://www.wikidata.org/entity/Q739,Colombian
http://www.wikidata.org/entity/Q1261,Coloradan
http://www.wikidata.org/entity/Q1261,Coloradoan
http://www.wikidata.org/entity/Q970,Comoran
http://www.wikidata.org/entity/Q970,Comorans
http://www.wikidata.org/entity/Q970,Comorian
http://www.wikidata.org/entity/Q970,Comorians
http://www.wikidata.org/entity/Q81931,Confederate
http://www.wikidata.org/entity/Q971,Congolese
http://www.wikidata.org/entity/Q974,Congolese
http://www.wikidata.org/entity/Q779,Connecticuter
http://www.wikidata.org/entity/Q779,Connecticutian
http://www.wikidata.org/entity/Q26988,Cook Islander
http://www.wikidata.org/entity/Q315965,Cordovanhon
http://www.wikidata.org/entity/Q36647,Corkonian
http://www.wikidata.org/entity/Q23148,Cornish
http://www.wikidata.org/entity/Q800,Costa Rican
http://www.wikidata.org/entity/Q800,Costa Ricans
http://www.wikidata.org/entity/Q974087,Covite
http://www.wikidata.org/entity/Q31487,Cracovian
http://www.wikidata.org/entity/Q4752820,Cretan
http://www.wikidata.org/entity/Q224,Croatian
http://www.wikidata.org/entity/Q193,Cronian
http://www.wikidata.org/entity/Q241,Cuban
http://www.wikidata.org/entity/Q25279,Curaçaoan
http://www.wikidata.org/entity/Q229,Cypriot
http://www.wikidata.org/entity/Q213,Czech
http://www.wikidata.org/entity/Q33946,Czechoslovak
http://www.wikidata.org/entity/Q316001,Dalaguetenon
http://www.wikidata.org/entity/Q16557,Dallasite
http://www.wikidata.org/entity/Q3766,Damascene
http://www.wikidata.org/entity/Q35,Dane
http://www.wikidata.org/entity/Q756617,dane
http://www.wikidata.org/entity/Q756617,danes
http://www.wikidata.org/entity/Q35,Danish
http://www.wikidata.org/entity/Q13694,Davaoan
http://www.wikidata.org/entity/Q1473,Davaoan
http://www.wikidata.org/entity/Q1473,Davaoeño
http://www.wikidata.org/entity/Q1393,Delawarean
http://www.wikidata.org/entity/Q1353,Delhiite
http://www.wikidata.org/entity/Q1354,Dhakaiya
http://www.wikidata.org/entity/Q977,Djiboutian
http://www.wikidata.org/entity/Q784,Dominican
http://www.wikidata.org/entity/Q786,Dominican
http://www.wikidata.org/entity/Q55404205,Donetsian
http://www.wikidata.org/entity/Q605714,Donetsian
http://www.wikidata.org/entity/Q91901863,Drusselsteinien
http://www.wikidata.org/entity/Q1761,Dubliner
http://www.wikidata.org/entity/Q55,Dutch
http://www.wikidata.org/entity/Q170072,Dutch
http://www.wikidata.org/entity/Q15864,Dutch
http://www.wikidata.org/entity/Q29999,Dutch
http://www.wikidata.org/entity/Q25227,Dutch Antillean
http://www.wikidata.org/entity/Q66692141,Eagletonian
http://www.wikidata.org/entity/Q2,Earthling
http://www.wikidata.org/entity/Q2,Earthman
http://www.wikidata.org/entity/Q2,Earthperson
http://www.wikidata.org/entity/Q2,Earthwoman
http://www.wikidata.org/entity/Q976091,East African
http://www.wikidata.org/entity/Q16957,East German
http://www.wikidata.org/entity/Q574,East Timorese
http://www.wikidata.org/entity/Q736,Ecuadoran
http://www.wikidata.org/entity/Q736,Ecuadorian
http://www.wikidata.org/entity/Q2096,Edmontonian
http://www.wikidata.org/entity/Q79,Egyptian
http://www.wikidata.org/entity/Q16562,El Pasoan
http://www.wikidata.org/entity/Q217667,Elean
http://www.wikidata.org/entity/Q494630,Elmorean
http://www.wikidata.org/entity/Q1050,emaSwati
http://www.wikidata.org/entity/Q878,Emirati
http://www.wikidata.org/entity/Q878,Emiri
http://www.wikidata.org/entity/Q878,Emirian
http://www.wikidata.org/entity/Q21,English
http://www.wikidata.org/entity/Q179876,English
http://www.wikidata.org/entity/Q983,Equatoguinean
http://www.wikidata.org/entity/Q983,Equatorial Guinean
http://www.wikidata.org/entity/Q3730899,Equestrian
http://www.wikidata.org/entity/Q986,Eritrean
http://www.wikidata.org/entity/Q191,Estonian
http://www.wikidata.org/entity/Q115,Ethiopian
http://www.wikidata.org/entity/Q5401,Eurasian
http://www.wikidata.org/entity/Q46,European
http://www.wikidata.org/entity/Q458,European
http://www.wikidata.org/entity/Q63865539,fa/tg/uys
http://www.wikidata.org/entity/Q173985,Faisalabadi
http://www.wikidata.org/entity/Q9648,Falkland Islander
http://www.wikidata.org/entity/Q9648,Falklander
http://www.wikidata.org/entity/Q4628,Faroe Islander
http://www.wikidata.org/entity/Q4628,Faroese
http://www.wikidata.org/entity/Q80985,Fasi
http://www.wikidata.org/entity/Q712,Fijian
http://www.wikidata.org/entity/Q928,Filipina
http://www.wikidata.org/entity/Q928,Filipino
http://www.wikidata.org/entity/Q33,Finn
http://www.wikidata.org/entity/Q33,Finnish
http://www.wikidata.org/entity/Q551798,Flandrensian
http://www.wikidata.org/entity/Q551798,Flandrensians
http://www.wikidata.org/entity/Q812,Floridan
http://www.wikidata.org/entity/Q812,Floridian
http://www.wikidata.org/entity/Q2138,Frederictonian
http://www.wikidata.org/entity/Q142,French
http://www.wikidata.org/entity/Q70972,French
http://www.wikidata.org/entity/Q3769,French Guianese
http://www.wikidata.org/entity/Q770,Frisian
http://www.wikidata.org/entity/Q494723,Fullertonian
http://www.wikidata.org/entity/Q664321,Futunan
http://www.wikidata.org/entity/Q664321,Futunans
http://www.wikidata.org/entity/Q1000,Gabonese
http://www.wikidata.org/entity/Q164819,Gagauzian
http://www.wikidata.org/entity/Q4908712,Galagainian
http://www.wikidata.org/entity/Q303421,Galician
http://www.wikidata.org/entity/Q3908,Galician
http://www.wikidata.org/entity/Q129610,Galwegian
http://www.wikidata.org/entity/Q1005,Gambian
http://www.wikidata.org/entity/Q230,Georgian
http://www.wikidata.org/entity/Q1428,Georgian
http://www.wikidata.org/entity/Q183,German
http://www.wikidata.org/entity/Q1206012,German
http://www.wikidata.org/entity/Q117,Ghanaian
http://www.wikidata.org/entity/Q1410,Gibraltarian
http://www.wikidata.org/entity/Q316037,Ginatilanon
http://www.wikidata.org/entity/Q4093,Glaswegian
http://www.wikidata.org/entity/Q41,Greek
http://www.wikidata.org/entity/Q539051,Greek
http://www.wikidata.org/entity/Q223,Greenlandic
http://www.wikidata.org/entity/Q769,Grenadian
http://www.wikidata.org/entity/Q16635,Guamanian
http://www.wikidata.org/entity/Q16635,Guamanians
http://www.wikidata.org/entity/Q55042,Guardiesi
http://www.wikidata.org/entity/Q774,Guatemalan
http://www.wikidata.org/entity/Q43509,Guayaquilean
http://www.wikidata.org/entity/Q3892131,guayaquilenian
http://www.wikidata.org/entity/Q3769,Guianese
http://www.wikidata.org/entity/Q1007,Guinea-Bissauan
http://www.wikidata.org/entity/Q1006,Guinean
http://www.wikidata.org/entity/Q1061,Gujarati
http://www.wikidata.org/entity/Q734,Guyanese
http://www.wikidata.org/entity/Q1563,Habanero
http://www.wikidata.org/entity/Q790,Haitian
http://www.wikidata.org/entity/Q2141,Haligonian
http://www.wikidata.org/entity/Q2141,Haligonians
http://www.wikidata.org/entity/Q1055,Hamburger
http://www.wikidata.org/entity/Q4970,Hangzhou People
http://www.wikidata.org/entity/Q1858,Hanoians
http://www.wikidata.org/entity/Q3921,Hararean
http://www.wikidata.org/entity/Q42956,Harbinite
http://www.wikidata.org/entity/Q6563843,Hashashshin
http://www.wikidata.org/entity/Q782,Hawaii resident
http://www.wikidata.org/entity/Q956357,Hejazi
http://www.wikidata.org/entity/Q225,Herzegovinian
http://www.wikidata.org/entity/Q102911,Hollander
http://www.wikidata.org/entity/Q1637790,Holyoker
http://www.wikidata.org/entity/Q1637790,Holyokian
http://www.wikidata.org/entity/Q783,Honduran
http://www.wikidata.org/entity/Q8646,Hong Kong
http://www.wikidata.org/entity/Q8646,Hong Kong people
http://www.wikidata.org/entity/Q1054923,Hong Konger
http://www.wikidata.org/entity/Q1054923,Hong Kongese
http://www.wikidata.org/entity/Q1054923,Hongkonger
http://www.wikidata.org/entity/Q8646,Hongkonger
http://www.wikidata.org/entity/Q1054923,Hongkongese
http://www.wikidata.org/entity/Q18094,Honolulan
http://www.wikidata.org/entity/Q1415,Hoosier
http://www.wikidata.org/entity/Q16555,Houstonian
http://www.wikidata.org/entity/Q28,Hungarian
http://www.wikidata.org/entity/Q1640079,Hyderabadi
http://www.wikidata.org/entity/Q1361,Hyderabadi
http://www.wikidata.org/entity/Q13099569,Hyrulean
http://www.wikidata.org/entity/Q710,I-Kiribati
http://www.wikidata.org/entity/Q189,Icelandic
http://www.wikidata.org/entity/Q1221,Idahoan
http://www.wikidata.org/entity/Q1204,Illinoian
http://www.wikidata.org/entity/Q1204,Illinoisan
http://www.wikidata.org/entity/Q1204,Illinoisian
http://www.wikidata.org/entity/Q668,Indian
http://www.wikidata.org/entity/Q1415,Indianan
http://www.wikidata.org/entity/Q252,Indonesian
http://www.wikidata.org/entity/Q66616,Indouri
http://www.wikidata.org/entity/Q55313125,Iotian
http://www.wikidata.org/entity/Q1546,Iowan
http://www.wikidata.org/entity/Q207991,Iranian
http://www.wikidata.org/entity/Q794,Iranian
http://www.wikidata.org/entity/Q149805,Iraqi
http://www.wikidata.org/entity/Q3041595,Iraqi
http://www.wikidata.org/entity/Q3108185,Iraqi
http://www.wikidata.org/entity/Q796,Iraqi
http://www.wikidata.org/entity/Q27,Irish
http://www.wikidata.org/entity/Q57695350,Irish
http://www.wikidata.org/entity/Q31747,Irish
http://www.wikidata.org/entity/Q1362,Islamabadi
http://www.wikidata.org/entity/Q6563843,Ismaili
http://www.wikidata.org/entity/Q801,Israeli
http://www.wikidata.org/entity/Q801,Israelis
http://www.wikidata.org/entity/Q406,Istanbulite
http://www.wikidata.org/entity/Q38,Italian
http://www.wikidata.org/entity/Q172579,Italian
http://www.wikidata.org/entity/Q1008,Ivoirian
http://www.wikidata.org/entity/Q1008,Ivorian
http://www.wikidata.org/entity/Q66485,Jaipuri
http://www.wikidata.org/entity/Q3630,Jakartan
http://www.wikidata.org/entity/Q766,Jamaican
http://www.wikidata.org/entity/Q17,Japanese
http://www.wikidata.org/entity/Q1218,Jerusalemite
http://www.wikidata.org/entity/Q183032,Johorean
http://www.wikidata.org/entity/Q810,Jordanian
http://www.wikidata.org/entity/Q319,Jovian
http://www.wikidata.org/entity/Q5838,Kabuli
http://www.wikidata.org/entity/Q3894,Kampalan
http://www.wikidata.org/entity/Q1558,Kansan
http://www.wikidata.org/entity/Q8660,Karachiite
http://www.wikidata.org/entity/Q1185,Karnatakan
http://www.wikidata.org/entity/Q232,Kazakh
http://www.wikidata.org/entity/Q232,Kazakhstani
http://www.wikidata.org/entity/Q59382252,Kekistani
http://www.wikidata.org/entity/Q1603,Kentuckian
http://www.wikidata.org/entity/Q114,Kenyan
http://www.wikidata.org/entity/Q1186,Keralite
http://www.wikidata.org/entity/Q105748093,Kerbal
http://www.wikidata.org/entity/Q42308,Kharkivite
http://www.wikidata.org/entity/Q1963,Khartoumese
http://www.wikidata.org/entity/Q1899,Kievan
http://www.wikidata.org/entity/Q763,Kittitian
http://www.wikidata.org/entity/Q1865,KL-ite
http://www.wikidata.org/entity/Q1348,Kolkatan
http://www.wikidata.org/entity/Q54857813,Komonan
http://www.wikidata.org/entity/Q18097,Korean
http://www.wikidata.org/entity/Q1246,Kosovan
http://www.wikidata.org/entity/Q1246,Kosovar
http://www.wikidata.org/entity/Q817,Kuwaiti
http://www.wikidata.org/entity/Q1899,Kyivan
http://www.wikidata.org/entity/Q813,Kyrgyz
http://www.wikidata.org/entity/Q813,Kyrgyzstani
http://www.wikidata.org/entity/Q8673,Lagosian
http://www.wikidata.org/entity/Q11739,Lahori
http://www.wikidata.org/entity/Q864106,Lake Charlesian
http://www.wikidata.org/entity/Q47916,Lakhnawi
http://www.wikidata.org/entity/Q205905,Lancastrian
http://www.wikidata.org/entity/Q819,Lao
http://www.wikidata.org/entity/Q819,Laos
http://www.wikidata.org/entity/Q819,Laotian
http://www.wikidata.org/entity/Q819,Laotians
http://www.wikidata.org/entity/Q12585,Latin American
http://www.wikidata.org/entity/Q211,Latvian
http://www.wikidata.org/entity/Q211,Latvians
http://www.wikidata.org/entity/Q316080,Lawisanon
http://www.wikidata.org/entity/Q1470206,leatherman
http://www.wikidata.org/entity/Q822,Lebanese
http://www.wikidata.org/entity/Q15899665,Lewchewan
http://www.wikidata.org/entity/Q1014,Liberian
http://www.wikidata.org/entity/Q1016,Libyan
http://www.wikidata.org/entity/Q347,Liechtensteiner
http://www.wikidata.org/entity/Q28260,Lincolnite
http://www.wikidata.org/entity/Q597,Lisboner
http://www.wikidata.org/entity/Q1050,liSwati
http://www.wikidata.org/entity/Q37,Lithuanian
http://www.wikidata.org/entity/Q1588,Louisianian
http://www.wikidata.org/entity/Q49162,Lowellian
http://www.wikidata.org/entity/Q32,Luxembourger
http://www.wikidata.org/entity/Q32,Luxembourgian
http://www.wikidata.org/entity/Q32,Luxembourgish
http://www.wikidata.org/entity/Q221,Macedonian
http://www.wikidata.org/entity/Q2807,Madrilenian
http://www.wikidata.org/entity/Q724,Mainer
http://www.wikidata.org/entity/Q120755,Mainlander
http://www.wikidata.org/entity/Q8828,Majorcan
http://www.wikidata.org/entity/Q14634,Makassan
http://www.wikidata.org/entity/Q1019,Malagasy
http://www.wikidata.org/entity/Q1020,Malawian
http://www.wikidata.org/entity/Q833,Malaysian
http://www.wikidata.org/entity/Q826,Maldivian
http://www.wikidata.org/entity/Q912,Malian
http://www.wikidata.org/entity/Q233,Maltese
http://www.wikidata.org/entity/Q3274,Managua
http://www.wikidata.org/entity/Q18125,Mancunian
http://www.wikidata.org/entity/Q1461,Manilan
http://www.wikidata.org/entity/Q1948,Manitoban
http://www.wikidata.org/entity/Q9676,Manx
http://www.wikidata.org/entity/Q171632,Maracaibianos
http://www.wikidata.org/entity/Q6974233,Mariamabad
http://www.wikidata.org/entity/Q731613,Maritimer
http://www.wikidata.org/entity/Q731613,Maritimers
http://www.wikidata.org/entity/Q709,Marshallese
http://www.wikidata.org/entity/Q111,Martian
http://www.wikidata.org/entity/Q1391,Marylander
http://www.wikidata.org/entity/Q121157,Mashhadi
http://www.wikidata.org/entity/Q771,Massachusettsan
http://www.wikidata.org/entity/Q771,Massachusite
http://www.wikidata.org/entity/Q1025,Mauritanian
http://www.wikidata.org/entity/Q1027,Mauritian
http://www.wikidata.org/entity/Q5806,Meccan
http://www.wikidata.org/entity/Q162022,Mechlinian
http://www.wikidata.org/entity/Q5972,Medanese
http://www.wikidata.org/entity/Q48278,Medellinean
http://www.wikidata.org/entity/Q37394,Melanesian
http://www.wikidata.org/entity/Q2468788,Melnibonéans
http://www.wikidata.org/entity/Q96,Mexican
http://www.wikidata.org/entity/Q96,Mexicans
http://www.wikidata.org/entity/Q1166,Michigander
http://www.wikidata.org/entity/Q1166,Michiganian
http://www.wikidata.org/entity/Q702,Micronesian
http://www.wikidata.org/entity/Q59555127,Milanese
http://www.wikidata.org/entity/Q490,Milanese
http://www.wikidata.org/entity/Q1527,Minnesotan
http://www.wikidata.org/entity/Q52636,Minorcan
http://www.wikidata.org/entity/Q1494,Mississippian
http://www.wikidata.org/entity/Q1581,Missourian
http://www.wikidata.org/entity/Q217,Moldavian
http://www.wikidata.org/entity/Q217,Moldovan
http://www.wikidata.org/entity/Q235,Monacan
http://www.wikidata.org/entity/Q235,Monegasque
http://www.wikidata.org/entity/Q235,Monégasque
http://www.wikidata.org/entity/Q711,Mongol
http://www.wikidata.org/entity/Q711,Mongolian
http://www.wikidata.org/entity/Q3748,Monrovian
http://www.wikidata.org/entity/Q1212,Montanan
http://www.wikidata.org/entity/Q236,Montenegrin
http://www.wikidata.org/entity/Q1335,Montevideano
http://www.wikidata.org/entity/Q340,Montrealer
http://www.wikidata.org/entity/Q13353,Montserratian
http://www.wikidata.org/entity/Q1028,Moroccan
http://www.wikidata.org/entity/Q1013,Mosotho
http://www.wikidata.org/entity/Q963,Motswana
http://www.wikidata.org/entity/Q1029,Mozambican
http://www.wikidata.org/entity/Q836,Myanma
http://www.wikidata.org/entity/Q1513,Nagpurkar
http://www.wikidata.org/entity/Q3870,Nairobian
http://www.wikidata.org/entity/Q1030,Namibian
http://www.wikidata.org/entity/Q16666,Nanjingese
http://www.wikidata.org/entity/Q697,Nauruan
http://www.wikidata.org/entity/Q257830,Neapolitan
http://www.wikidata.org/entity/Q1553,Nebraskan
http://www.wikidata.org/entity/Q837,Nepalese
http://www.wikidata.org/entity/Q837,Nepali
http://www.wikidata.org/entity/Q332,Neptunian
http://www.wikidata.org/entity/Q57032909,Neuralese
http://www.wikidata.org/entity/Q1227,Nevadan
http://www.wikidata.org/entity/Q1227,Nevadans
http://www.wikidata.org/entity/Q763,Nevisian
http://www.wikidata.org/entity/Q1965,New Brunswicker
http://www.wikidata.org/entity/Q33788,New Caledonian
http://www.wikidata.org/entity/Q33788,New Caledonians
http://www.wikidata.org/entity/Q18389,New Englander
http://www.wikidata.org/entity/Q286048,New Glaswegian
http://www.wikidata.org/entity/Q759,New Hampshireman
http://www.wikidata.org/entity/Q759,New Hampshirewoman
http://www.wikidata.org/entity/Q759,New Hampshirite
http://www.wikidata.org/entity/Q1408,New Jerseyan
http://www.wikidata.org/entity/Q1408,New Jerseyite
http://www.wikidata.org/entity/Q1522,New Mexican
http://www.wikidata.org/entity/Q60,New Yorker
http://www.wikidata.org/entity/Q1384,New Yorker
http://www.wikidata.org/entity/Q664,New Zealand
http://www.wikidata.org/entity/Q664,New Zealander
http://www.wikidata.org/entity/Q2003,Newfoundlander and Labradorian
http://www.wikidata.org/entity/Q2672537,Newtonsvillager
http://www.wikidata.org/entity/Q686,Ni-Vanuatu
http://www.wikidata.org/entity/Q811,Nicaraguan
http://www.wikidata.org/entity/Q1033,Nigerian
http://www.wikidata.org/entity/Q1033,Nigerians
http://www.wikidata.org/entity/Q1032,Nigerien
http://www.wikidata.org/entity/Q239743,niʻihauan
http://www.wikidata.org/entity/Q239743,niʻihauans
http://www.wikidata.org/entity/Q34020,Niuean
http://www.wikidata.org/entity/Q6563843,Nizari
http://www.wikidata.org/entity/Q6563843,Nizari Ismaili
http://www.wikidata.org/entity/Q891,Nizhegorodian
http://www.wikidata.org/entity/Q31057,Norfolk Islander
http://www.wikidata.org/entity/Q31057,Norfolk Islanders
http://www.wikidata.org/entity/Q1454,North Carolinian
http://www.wikidata.org/entity/Q1207,North Dakotan
http://www.wikidata.org/entity/Q27479,North european
http://www.wikidata.org/entity/Q423,North Korean
http://www.wikidata.org/entity/Q1260331,North Sentinelese
http://www.wikidata.org/entity/Q26,Northern Irish
http://www.wikidata.org/entity/Q16644,Northern Mariana Islander
http://www.wikidata.org/entity/Q16644,Northern Mariana Islanders
http://www.wikidata.org/entity/Q16644,Northern Marianan
http://www.wikidata.org/entity/Q16644,Northern Marianans
http://www.wikidata.org/entity/Q1788657,Northerner
http://www.wikidata.org/entity/Q2007,Northwest Territorian
http://www.wikidata.org/entity/Q2007,Northwesterner
http://www.wikidata.org/entity/Q20,Norwegian
http://www.wikidata.org/entity/Q1952,Nova Scotian
http://www.wikidata.org/entity/Q211686,Númenórean
http://www.wikidata.org/entity/Q54621772,numtots
http://www.wikidata.org/entity/Q2023,Nunavummiuq
http://www.wikidata.org/entity/Q2023,Nunavummiut
http://www.wikidata.org/entity/Q1397,Ohioan
http://www.wikidata.org/entity/Q1649,Oklahomie
http://www.wikidata.org/entity/Q842,Omani
http://www.wikidata.org/entity/Q1904,Ontarian
http://www.wikidata.org/entity/Q5925,Orange Countian
http://www.wikidata.org/entity/Q824,Oregoner
http://www.wikidata.org/entity/Q824,Oregonian
http://www.wikidata.org/entity/Q49233,Orlandoan
http://www.wikidata.org/entity/Q1930,Ottawan
http://www.wikidata.org/entity/Q12560,Ottoman
http://www.wikidata.org/entity/Q34217,Oxonian
http://www.wikidata.org/entity/Q2918164,Ozite
http://www.wikidata.org/entity/Q843,Pakistani
http://www.wikidata.org/entity/Q22880,Palatines
http://www.wikidata.org/entity/Q695,Palauan
http://www.wikidata.org/entity/Q219060,Palestinian
http://www.wikidata.org/entity/Q407199,Palestinian
http://www.wikidata.org/entity/Q804,Panamanian
http://www.wikidata.org/entity/Q691,Papua New Guinean
http://www.wikidata.org/entity/Q733,Paraguayan
http://www.wikidata.org/entity/Q90,Parisian
http://www.wikidata.org/entity/Q90,Parisians
http://www.wikidata.org/entity/Q80484,Patnaite
http://www.wikidata.org/entity/Q7156285,Pawneean
http://www.wikidata.org/entity/Q1400,Pennsylvanian
http://www.wikidata.org/entity/Q389688,Persian
http://www.wikidata.org/entity/Q83891,Persian
http://www.wikidata.org/entity/Q794,Persian
http://www.wikidata.org/entity/Q211435,Peruvian
http://www.wikidata.org/entity/Q419,Peruvian
http://www.wikidata.org/entity/Q1113311,Peshawari
http://www.wikidata.org/entity/Q1345,Philadelphian
http://www.wikidata.org/entity/Q928,Philippine
http://www.wikidata.org/entity/Q1850,Phnom Penher
http://www.wikidata.org/entity/Q16556,Phoenician
http://www.wikidata.org/entity/Q316245,Pilaranon
http://www.wikidata.org/entity/Q35672,Pitcairn Islander
http://www.wikidata.org/entity/Q1342,Pittsburgher
http://www.wikidata.org/entity/Q506951,Pointe Coupean
http://www.wikidata.org/entity/Q36,Polish
http://www.wikidata.org/entity/Q207272,Polish
http://www.wikidata.org/entity/Q7227384,Pomonan
http://www.wikidata.org/entity/Q66743,Pondian
http://www.wikidata.org/entity/Q66743,Pondicherrian
http://www.wikidata.org/entity/Q1021164,Pontypudlian
http://www.wikidata.org/entity/Q40269,Porto-alegrenses
http://www.wikidata.org/entity/Q45,Portuguese
http://www.wikidata.org/entity/Q1085,Praguer
http://www.wikidata.org/entity/Q648767,Pridnestrovian
http://www.wikidata.org/entity/Q1978,Prince Edward Islander
http://www.wikidata.org/entity/Q26807,Prince Georgian
http://www.wikidata.org/entity/Q21578,Princetonian
http://www.wikidata.org/entity/Q66743,Puducherrian
http://www.wikidata.org/entity/Q1183,Puerto Rican
http://www.wikidata.org/entity/Q1538,Punekar
http://www.wikidata.org/entity/Q96404668,Qatari
http://www.wikidata.org/entity/Q846,Qatari
http://www.wikidata.org/entity/Q170573,Qomi
http://www.wikidata.org/entity/Q176,Quebecer
http://www.wikidata.org/entity/Q176,Quebecers
http://www.wikidata.org/entity/Q176,Quebecker
http://www.wikidata.org/entity/Q2145,Quebecker
http://www.wikidata.org/entity/Q176,Quebeckers
http://www.wikidata.org/entity/Q2145,Quebeckers
http://www.wikidata.org/entity/Q2466472,Quitonian
http://www.wikidata.org/entity/Q2900,Quitonian
http://www.wikidata.org/entity/Q161491,Readingensian
http://www.wikidata.org/entity/Q2123,Reginan
http://www.wikidata.org/entity/Q81033,Regiomontano
http://www.wikidata.org/entity/Q1387,Rhode Islander
http://www.wikidata.org/entity/Q3692,Riyadhi
http://www.wikidata.org/entity/Q111391,Rockwallian
http://www.wikidata.org/entity/Q220,Roman
http://www.wikidata.org/entity/Q12548,Roman
http://www.wikidata.org/entity/Q2277,Roman
http://www.wikidata.org/entity/Q218,Romanian
http://www.wikidata.org/entity/Q52535,Rosarino
http://www.wikidata.org/entity/Q34001,Roubaisian
http://www.wikidata.org/entity/Q159,Russian
http://www.wikidata.org/entity/Q34266,Russian
http://www.wikidata.org/entity/Q1037,Rwandan
http://www.wikidata.org/entity/Q1037,Rwandese
http://www.wikidata.org/entity/Q161205,Safavid
http://www.wikidata.org/entity/Q18234383,Safavid
http://www.wikidata.org/entity/Q7227384,Sagehen
http://www.wikidata.org/entity/Q40362,Sahrawi
http://www.wikidata.org/entity/Q34497,Saint Helenians
http://www.wikidata.org/entity/Q760,Saint Lucian
http://www.wikidata.org/entity/Q757,Saint Vincentian
http://www.wikidata.org/entity/Q757,Saint Vincentians
http://www.wikidata.org/entity/Q25362,Saint-Barth
http://www.wikidata.org/entity/Q34497,Saints
http://www.wikidata.org/entity/Q15695,Salamancan
http://www.wikidata.org/entity/Q735628,Salentino
http://www.wikidata.org/entity/Q201970,Salopian
http://www.wikidata.org/entity/Q23337,Salt Laker
http://www.wikidata.org/entity/Q792,Salvadoran
http://www.wikidata.org/entity/Q238,Sammarinese
http://www.wikidata.org/entity/Q683,Samoan
http://www.wikidata.org/entity/Q16552,San Diegan
http://www.wikidata.org/entity/Q62,San Franciscan
http://www.wikidata.org/entity/Q62,San Franciscans
http://www.wikidata.org/entity/Q16553,San Josean
http://www.wikidata.org/entity/Q316370,Santafehanon
http://www.wikidata.org/entity/Q1039,Santomean
http://www.wikidata.org/entity/Q1039,Sao Tomean
http://www.wikidata.org/entity/Q1039,São Toméan
http://www.wikidata.org/entity/Q1039,Sao Tomeans
http://www.wikidata.org/entity/Q1039,São Toméans
http://www.wikidata.org/entity/Q170462,Sarawakian
http://www.wikidata.org/entity/Q165154,Sardinian
http://www.wikidata.org/entity/Q2577303,Sardinian
http://www.wikidata.org/entity/Q1989,Saskatchewanian
http://www.wikidata.org/entity/Q83891,Sassanian
http://www.wikidata.org/entity/Q193,Saturnian
http://www.wikidata.org/entity/Q851,Saudi
http://www.wikidata.org/entity/Q851,Saudi Arabian
http://www.wikidata.org/entity/Q22,Scottish
http://www.wikidata.org/entity/Q230791,Scottish
http://www.wikidata.org/entity/Q13706,sealander
http://www.wikidata.org/entity/Q5083,Seattleite
http://www.wikidata.org/entity/Q5083,Seattleites
http://www.wikidata.org/entity/Q1041,Senegalese
http://www.wikidata.org/entity/Q8684,Seoulite
http://www.wikidata.org/entity/Q403,Serbian
http://www.wikidata.org/entity/Q37024,Serbo-Montenegrin
http://www.wikidata.org/entity/Q1042,Seychellois
http://www.wikidata.org/entity/Q1042,Seychelloise
http://www.wikidata.org/entity/Q2278254,Shirburnian
http://www.wikidata.org/entity/Q5428,Siberian
http://www.wikidata.org/entity/Q1044,Sierra Leonean
http://www.wikidata.org/entity/Q334,Singaporean
http://www.wikidata.org/entity/Q214,Slovak
http://www.wikidata.org/entity/Q215,Slovene
http://www.wikidata.org/entity/Q215,Slovenian
http://www.wikidata.org/entity/Q685,Solomon Islander
http://www.wikidata.org/entity/Q685,Solomon Islands
http://www.wikidata.org/entity/Q1045,Somali
http://www.wikidata.org/entity/Q1045,Somalian
http://www.wikidata.org/entity/Q34754,Somalilander
http://www.wikidata.org/entity/Q258,South African
http://www.wikidata.org/entity/Q18,South American
http://www.wikidata.org/entity/Q1456,South Carolinian
http://www.wikidata.org/entity/Q1211,South Dakotan
http://www.wikidata.org/entity/Q35086,South Georgian
http://www.wikidata.org/entity/Q120755,South Islander
http://www.wikidata.org/entity/Q884,South Korean
http://www.wikidata.org/entity/Q35086,South Sandwich Islander
http://www.wikidata.org/entity/Q958,South Sudanese
http://www.wikidata.org/entity/Q15124,South Tyrolean
http://www.wikidata.org/entity/Q1134643,Southerners
http://www.wikidata.org/entity/Q15180,Soviet
http://www.wikidata.org/entity/Q29,Spanish
http://www.wikidata.org/entity/Q187805,Spokanite
http://www.wikidata.org/entity/Q187805,Spokanites
http://www.wikidata.org/entity/Q854,Sri Lankan
http://www.wikidata.org/entity/Q26273,St. Maartener
http://www.wikidata.org/entity/Q25596,St. Martinois
http://www.wikidata.org/entity/Q1049,Sudanese
http://www.wikidata.org/entity/Q730,Surinamese
http://www.wikidata.org/entity/Q1050,Swazi
http://www.wikidata.org/entity/Q1050,Swazis
http://www.wikidata.org/entity/Q34,Swedish
http://www.wikidata.org/entity/Q39,Swiss
http://www.wikidata.org/entity/Q3130,Sydneysider
http://www.wikidata.org/entity/Q3130,Sydneysiders
http://www.wikidata.org/entity/Q146885,Syrian
http://www.wikidata.org/entity/Q858,Syrian
http://www.wikidata.org/entity/Q61306624,t/3/apots
http://www.wikidata.org/entity/Q865,Taiwan
http://www.wikidata.org/entity/Q865,Taiwanese
http://www.wikidata.org/entity/Q863,Tajikistani
http://www.wikidata.org/entity/Q2353425,Talossan
http://www.wikidata.org/entity/Q924,Tanzanian
http://www.wikidata.org/entity/Q3616,Tehrani
http://www.wikidata.org/entity/Q1439,Tejano
http://www.wikidata.org/entity/Q1509,Tennessean
http://www.wikidata.org/entity/Q215074,Terceirense
http://www.wikidata.org/entity/Q2,Terran
http://www.wikidata.org/entity/Q1439,Texan
http://www.wikidata.org/entity/Q1439,Texian
http://www.wikidata.org/entity/Q1439,Texican
http://www.wikidata.org/entity/Q869,Thai
http://www.wikidata.org/entity/Q2444884,Tibetan
http://www.wikidata.org/entity/Q17252,Tibetan
http://www.wikidata.org/entity/Q185111,Tobagonian
http://www.wikidata.org/entity/Q945,Togolese
http://www.wikidata.org/entity/Q36823,Tokelauan
http://www.wikidata.org/entity/Q56153,Tompkins Countyan
http://www.wikidata.org/entity/Q678,Tongan
http://www.wikidata.org/entity/Q172,Torontonian
http://www.wikidata.org/entity/Q172,Torontonians
http://www.wikidata.org/entity/Q977109,Tralfamadorian
http://www.wikidata.org/entity/Q648767,Transnistrian
http://www.wikidata.org/entity/Q907112,Transnistrian
http://www.wikidata.org/entity/Q3113481,Transylvanian
http://www.wikidata.org/entity/Q128323,Trinidadian
http://www.wikidata.org/entity/Q754,Trinidadian
http://www.wikidata.org/entity/Q948,Tunisian
http://www.wikidata.org/entity/Q43,Turkish
http://www.wikidata.org/entity/Q23681,Turkish Cypriot
http://www.wikidata.org/entity/Q874,Turkmen
http://www.wikidata.org/entity/Q18221,Turks and Caicos Islander
http://www.wikidata.org/entity/Q672,Tuvaluan
http://www.wikidata.org/entity/Q406015,Ubayanon
http://www.wikidata.org/entity/Q1036,Ugandan
http://www.wikidata.org/entity/Q797422,Upper Voltan
http://www.wikidata.org/entity/Q797422,Upper Voltans
http://www.wikidata.org/entity/Q77,Uruguayan
http://www.wikidata.org/entity/Q829,Utahn
http://www.wikidata.org/entity/Q265,Uzbek
http://www.wikidata.org/entity/Q265,Uzbekistani
http://www.wikidata.org/entity/Q7910637,Valencian
http://www.wikidata.org/entity/Q8818,Valencian
http://www.wikidata.org/entity/Q406046,Valencianhon
http://www.wikidata.org/entity/Q686,Vanuatuan
http://www.wikidata.org/entity/Q686,Vanuatuans
http://www.wikidata.org/entity/Q237,Vatican
http://www.wikidata.org/entity/Q57032543,Vegan
http://www.wikidata.org/entity/Q313,Venerian
http://www.wikidata.org/entity/Q717,Venezuelan
http://www.wikidata.org/entity/Q717,Venezuelans
http://www.wikidata.org/entity/Q313,Venusian
http://www.wikidata.org/entity/Q16551,Vermonter
http://www.wikidata.org/entity/Q2132,Victorian
http://www.wikidata.org/entity/Q3940,Victorian
http://www.wikidata.org/entity/Q1741,Viennese
http://www.wikidata.org/entity/Q881,Vietnamese
http://www.wikidata.org/entity/Q757,Vincentian
http://www.wikidata.org/entity/Q757,Vincentians
http://www.wikidata.org/entity/Q757,Vincy
http://www.wikidata.org/entity/Q26262,Virgin Islander
http://www.wikidata.org/entity/Q1370,Virginian
http://www.wikidata.org/entity/Q43296,Wakean
http://www.wikidata.org/entity/Q35555,"Wallisian, Futunan"
http://www.wikidata.org/entity/Q61,Washingtonian
http://www.wikidata.org/entity/Q3551781,Washingtonian
http://www.wikidata.org/entity/Q1223,Washingtonian
http://www.wikidata.org/entity/Q23661,Wellingtonian
http://www.wikidata.org/entity/Q25,Welsh
http://www.wikidata.org/entity/Q1344070,West Countryman
http://www.wikidata.org/entity/Q713750,West German
http://www.wikidata.org/entity/Q664609,West Indian
http://www.wikidata.org/entity/Q1371,West Virginian
http://www.wikidata.org/entity/Q263,WikiScribe
http://www.wikidata.org/entity/Q263,Wikisourceror
http://www.wikidata.org/entity/Q1815091,Willow Riveran
http://www.wikidata.org/entity/Q2135,Winnipegger
http://www.wikidata.org/entity/Q1537,Wisconsinite
http://www.wikidata.org/entity/Q159631,Württembergian
http://www.wikidata.org/entity/Q1214,Wyomingian
http://www.wikidata.org/entity/Q1214,Wyomingite
http://www.wikidata.org/entity/Q18389,Yankee
http://www.wikidata.org/entity/Q805,Yemeni
http://www.wikidata.org/entity/Q1342,Yinzer
http://www.wikidata.org/entity/Q163,Yorkshireman
http://www.wikidata.org/entity/Q36704,Yugoslav
http://www.wikidata.org/entity/Q191077,Yugoslavia
http://www.wikidata.org/entity/Q36704,Yugoslavian
http://www.wikidata.org/entity/Q2009,Yukoner
http://www.wikidata.org/entity/Q1435,Zagreber
http://www.wikidata.org/entity/Q953,Zambian
http://www.wikidata.org/entity/Q953,Zambians
http://www.wikidata.org/entity/Q1774,Zanzibari
http://www.wikidata.org/entity/Q954,Zimbabwean
http://www.wikidata.org/entity/Q954,Zimbabweans
